Gene_set,Term,Overlap,P-value,Adjusted P-value,Old P-value,Old Adjusted P-value,Odds Ratio,Combined Score,Genes,module_id,module_size
KEGG_2021_Human,Homologous recombination,8/41,1.711727891343037e-13,1.4720859865550116e-11,0,0,102.70535138620244,3019.1370762718893,BARD1;BLM;BRIP1;RAD50;RBBP8;ATM;BRCA1;NBN,0,55
KEGG_2021_Human,Fanconi anemia pathway,6/54,7.618854300960542e-09,3.276107349413033e-07,0,0,50.75765306122449,948.7945274294968,BLM;BRIP1;FANCD2;PMS2;BRCA1;MLH1,0,55
KEGG_2021_Human,Cellular senescence,6/156,4.323851152088574e-06,0.0001239503996932058,0,0,16.15918367346939,199.58796082605863,RAD50;EIF4EBP1;ATM;NBN;TP53;HIPK3,0,55
KEGG_2021_Human,Mismatch repair,3/23,3.351674019812147e-05,0.0007206099142596116,0,0,57.47596153846154,592.2015888909687,MSH6;PMS2;MLH1,0,55
KEGG_2021_Human,Cell cycle,4/124,0.0003759559193133122,0.0064664418121889,0,0,12.95751633986928,102.18347475901147,CDKN2D;ORC4;ATM;TP53,0,55
KEGG_2021_Human,Colorectal cancer,3/86,0.0017137245918198,0.0245633858160848,0,0,13.80583873957368,87.93057635048642,MSH6;MLH1;TP53,0,55
KEGG_2021_Human,Herpes simplex virus 1 infection,6/498,0.0023865849818216,0.0293209012052379,0,0,4.841463414634147,29.232232312982564,EIF4EBP1;TP53;ZNF597;ZNF200;ZNF398;ZNF783,0,55
Reactome_2022,Diseases Of DNA Repair R-HSA-9675135,10/51,1.219614101694934e-16,2.8904854210169937e-14,0,0,107.88075880758808,3953.0559804589393,MSH6;BARD1;BLM;BRIP1;RAD50;RBBP8;PMS2;ATM;BRCA1;MLH1,0,55
Reactome_2022,DNA Repair R-HSA-73894,15/310,3.475977687292096e-15,4.1190335594411333e-13,0,0,24.978813559322035,831.6171571014024,BARD1;BLM;BRCA1;MLH1;TERF2;MSH6;BRIP1;RAD50;FANCD2;RBBP8;PMS2;ATM;TP53BP1;TP53;RAD18,0,55
Reactome_2022,G2/M Checkpoints R-HSA-69481,11/148,2.2631034765779881e-13,1.5820185618175886e-11,0,0,36.14598540145985,1052.457926072465,BARD1;ORC4;BLM;BRIP1;RAD50;MCM8;RBBP8;ATM;BRCA1;TP53BP1;TP53,0,55
Reactome_2022,Impaired BRCA2 Binding To PALB2 R-HSA-9709603,7/24,2.6700735220550017e-13,1.5820185618175886e-11,0,0,170.95098039215685,4949.287343105931,BARD1;BLM;BRIP1;RAD50;RBBP8;ATM;BRCA1,0,55
Reactome_2022,Defective HDR Thru Homologous Recombination (HRR) Due To BRCA1 Loss-Of-Function R-HSA-9701192,7/25,3.7006765919187897e-13,1.7541207045695067e-11,0,0,161.44560185185185,4621.394970828274,BARD1;BLM;BRIP1;RAD50;RBBP8;ATM;BRCA1,0,55
Reactome_2022,G2/M DNA Damage Checkpoint R-HSA-69473,9/77,6.322391717965641e-13,2.3049691190737645e-11,0,0,57.19085677749361,1606.463065349693,BARD1;BLM;BRIP1;RAD50;RBBP8;ATM;BRCA1;TP53BP1;TP53,0,55
Reactome_2022,Resolution Of D-loop Structures Thru Synthesis-Dependent Strand Annealing (SDSA) R-HSA-5693554,7/27,6.80792566815036e-13,2.3049691190737645e-11,0,0,145.28645833333334,4070.2754955275495,BARD1;BLM;BRIP1;RAD50;RBBP8;ATM;BRCA1,0,55
Reactome_2022,Resolution Of D-loop Structures Thru Holliday Junction Intermediates R-HSA-5693568,7/33,3.234146310644828e-12,9.581158445285304e-11,0,0,111.72516025641026,2955.941179327372,BARD1;BLM;BRIP1;RAD50;RBBP8;ATM;BRCA1,0,55
Reactome_2022,Resolution Of D-Loop Structures R-HSA-5693537,7/34,4.064093968435415e-12,1.0702114116879923e-10,0,0,107.58179012345678,2821.744514771806,BARD1;BLM;BRIP1;RAD50;RBBP8;ATM;BRCA1,0,55
Reactome_2022,Impaired BRCA2 Binding To RAD51 R-HSA-9709570,7/35,5.069470127370151e-12,1.2014644201867256e-10,0,0,103.734375,2697.9013029344887,BARD1;BLM;BRIP1;RAD50;RBBP8;ATM;BRCA1,0,55
Reactome_2022,HDR Thru Single Strand Annealing (SSA) R-HSA-5685938,7/37,7.729027713804964e-12,1.6652541528834334e-10,0,0,96.80902777777776,2476.95946754281,BARD1;BLM;BRIP1;RAD50;RBBP8;ATM;BRCA1,0,55
Reactome_2022,Presynaptic Phase Of Homologous DNA Pairing And Strand Exchange R-HSA-5693616,7/40,1.3908258631060735e-11,2.7468810796344945e-10,0,0,87.9949494949495,2199.7451156934767,BARD1;BLM;BRIP1;RAD50;RBBP8;ATM;BRCA1,0,55
Reactome_2022,Defective Homologous Recombination Repair (HRR) Due To BRCA2 Loss Of Function R-HSA-9701190,7/41,1.6736551326549042e-11,3.0512020495324016e-10,0,0,85.40257352941177,2119.130445829373,BARD1;BLM;BRIP1;RAD50;RBBP8;ATM;BRCA1,0,55
Reactome_2022,Homologous DNA Pairing And Strand Exchange R-HSA-5693579,7/43,2.388853462218225e-11,4.0439876467551374e-10,0,0,80.64988425925925,1972.5044234797103,BARD1;BLM;BRIP1;RAD50;RBBP8;ATM;BRCA1,0,55
Reactome_2022,Processing Of DNA Double-Strand Break Ends R-HSA-5693607,8/80,4.78651140041933e-11,7.56268801266254e-10,0,0,46.981087470449175,1116.3943952088623,BARD1;BLM;BRIP1;RAD50;RBBP8;ATM;BRCA1;TP53BP1,0,55
Reactome_2022,Regulation Of TP53 Activity Thru Phosphorylation R-HSA-6804756,8/90,1.253452284953273e-10,1.856676197087036e-09,0,0,41.23092890503373,940.06309099757,BARD1;BLM;BRIP1;RAD50;RBBP8;ATM;BRCA1;TP53,0,55
Reactome_2022,Cell Cycle Checkpoints R-HSA-69620,11/271,1.629423976775082e-10,2.2716087205629083e-09,0,0,18.927884615384617,426.5895535056599,BARD1;ORC4;BLM;BRIP1;RAD50;MCM8;RBBP8;ATM;BRCA1;TP53BP1;TP53,0,55
Reactome_2022,DNA Double-Strand Break Repair R-HSA-5693532,9/149,2.631432891555696e-10,3.464719973881666e-09,0,0,27.6777950310559,610.5257262940574,BARD1;BLM;BRIP1;RAD50;RBBP8;ATM;BRCA1;TP53BP1;TP53,0,55
Reactome_2022,HDR Thru Homologous Recombination (HRR) R-HSA-5685942,7/67,6.129885677463925e-10,7.646225818731318e-09,0,0,48.33159722222222,1025.2424558820817,BARD1;BLM;BRIP1;RAD50;RBBP8;ATM;BRCA1,0,55
Reactome_2022,HDR Thru Homologous Recombination (HRR) Or Single Strand Annealing (SSA) R-HSA-5693567,8/114,8.463018141710061e-10,1.0028676497926425e-08,0,0,31.85708550782818,665.4991376259062,BARD1;BLM;BRIP1;RAD50;RBBP8;ATM;BRCA1;TP53BP1,0,55
Reactome_2022,Homology Directed Repair R-HSA-5693538,8/119,1.1934320119771008e-09,1.3468732706598711e-08,0,0,30.414414414414413,624.9077169601683,BARD1;BLM;BRIP1;RAD50;RBBP8;ATM;BRCA1;TP53BP1,0,55
Reactome_2022,Cell Cycle R-HSA-1640170,14/654,1.7551954372573731e-09,1.890824175590897e-08,0,0,10.299923780487806,207.65352530984717,BARD1;CDKN2D;BLM;MCM8;BRCA1;MLH1;TERF2;ORC4;BRIP1;RAD50;RBBP8;ATM;TP53BP1;TP53,0,55
Reactome_2022,Transcriptional Regulation By TP53 R-HSA-3700989,11/354,2.729500701407463e-09,2.8125724618850816e-08,0,0,14.287172011661808,281.73084708007275,BARD1;BLM;BRIP1;RAD50;FANCD2;RBBP8;PMS2;ATM;BRCA1;MLH1;TP53,0,55
Reactome_2022,Meiosis R-HSA-1500620,7/88,4.2814572272604226e-09,4.227939011919668e-08,0,0,35.76337448559671,689.1234763101747,BLM;RAD50;RBBP8;ATM;BRCA1;MLH1;TERF2,0,55
Reactome_2022,Meiotic Recombination R-HSA-912446,6/56,9.537829824779652e-09,9.04186267389111e-08,0,0,48.72244897959184,899.8061808873504,BLM;RAD50;RBBP8;ATM;BRCA1;MLH1,0,55
Reactome_2022,Regulation Of TP53 Activity R-HSA-5633007,8/157,1.0732945990893437e-08,9.783493076314401e-08,0,0,22.61430815364844,414.97137328237136,BARD1;BLM;BRIP1;RAD50;RBBP8;ATM;BRCA1;TP53,0,55
Reactome_2022,Recruitment And ATM-mediated Phosphorylation Of Repair And Signal Proteins At DNA Double Strand Breaks R-HSA-5693565,6/60,1.4583535993311784e-08,1.2801103816351457e-07,0,0,45.10430839002267,813.8338428782223,BARD1;RAD50;ATM;BRCA1;TP53BP1;TP53,0,55
Reactome_2022,DNA Double Strand Break Response R-HSA-5693606,6/61,1.6140519786470923e-08,1.3661797104977172e-07,0,0,44.28200371057514,794.5047423418596,BARD1;RAD50;ATM;BRCA1;TP53BP1;TP53,0,55
Reactome_2022,TP53 Regulates Transcription Of DNA Repair Genes R-HSA-6796648,6/62,1.7832354794866823e-08,1.4573338228908401e-07,0,0,43.48906705539358,775.9428651416222,FANCD2;PMS2;ATM;BRCA1;MLH1;TP53,0,55
Reactome_2022,Reproduction R-HSA-1474165,7/113,2.4711902918583993e-08,1.9522403305681359e-07,0,0,27.29422169811321,478.0850634839686,BLM;RAD50;RBBP8;ATM;BRCA1;MLH1;TERF2,0,55
Reactome_2022,RNA Polymerase II Transcription R-HSA-73857,17/1312,4.3675732813107273e-08,3.339080218292395e-07,0,0,6.442796179638285,109.1826728060537,BARD1;BLM;CSTF2;BRCA1;MLH1;BRIP1;RAD50;FANCD2;CSTF1;RBBP8;NABP2;PMS2;ATM;TP53;ZNF597;ZNF200;ZNF398,0,55
Reactome_2022,Gene Expression (Transcription) R-HSA-74160,17/1449,1.8390539367266081e-07,1.3620493218881438e-06,0,0,5.783611437812408,89.69712972253016,BARD1;BLM;CSTF2;BRCA1;MLH1;BRIP1;RAD50;FANCD2;CSTF1;RBBP8;NABP2;PMS2;ATM;TP53;ZNF597;ZNF200;ZNF398,0,55
Reactome_2022,Diseases Of Mismatch Repair (MMR) R-HSA-5423599,3/5,1.9600286618898578e-07,1.407656948084534e-06,0,0,575.2788461538462,8885.26033570936,MSH6;PMS2;MLH1,0,55
Reactome_2022,Nonhomologous End-Joining (NHEJ) R-HSA-5693571,5/51,2.785234801503351e-07,1.9414724939891007e-06,0,0,43.25869565217391,652.9365202723219,BARD1;RAD50;ATM;BRCA1;TP53BP1,0,55
Reactome_2022,Generic Transcription Pathway R-HSA-212436,14/1190,2.817232546281217e-06,1.9076688956247102e-05,0,0,5.449767711962834,69.64669900750417,BARD1;BLM;BRCA1;MLH1;BRIP1;RAD50;FANCD2;RBBP8;PMS2;ATM;TP53;ZNF597;ZNF200;ZNF398,0,55
Reactome_2022,Mismatch Repair (MMR) Directed By MSH2:MSH6 (MutSalpha) R-HSA-5358565,3/14,7.010638301606187e-06,4.61533688189074e-05,0,0,104.54895104895104,1240.795503696715,MSH6;PMS2;MLH1,0,55
Reactome_2022,Mismatch Repair R-HSA-5358508,3/15,8.746245348728185e-06,5.60232472337454e-05,0,0,95.83173076923076,1116.1412485011324,MSH6;PMS2;MLH1,0,55
Reactome_2022,DNA Damage/Telomere Stress Induced Senescence R-HSA-2559586,4/61,2.3772412915880933e-05,0.0001482647858174679,0,0,27.365669074647403,291.3618618796708,RAD50;ATM;TERF2;TP53,0,55
Reactome_2022,Cellular Senescence R-HSA-2559583,5/165,8.965867039610275e-05,0.0005448488431763168,0,0,12.365625,115.24145020964662,CDKN2D;RAD50;ATM;TERF2;TP53,0,55
Reactome_2022,Sensing Of DNA Double Strand Breaks R-HSA-5693548,2/6,0.00011059129575543732,0.0006552534273509661,0,0,188.122641509434,1713.7350279504103,RAD50;ATM,0,55
Reactome_2022,CDC6 Association With ORC:origin Complex R-HSA-68689,2/8,0.0002057099035637798,0.001189103588893,0,0,125.40251572327044,1064.547425630908,ORC4;MCM8,0,55
Reactome_2022,E2F-enabled Inhibition Of Pre-Replication Complex Formation R-HSA-113507,2/9,0.0002640178919425577,0.0014898152473901,0,0,107.48247978436656,885.6012133889432,ORC4;MCM8,0,55
Reactome_2022,TP53 Regulates Transcription Of Caspase Activators And Caspases R-HSA-6803207,2/12,0.0004814776145385075,0.0025934135146733,0,0,75.22641509433963,574.6283172633098,ATM;TP53,0,55
Reactome_2022,HDR Thru MMEJ (alt-NHEJ) R-HSA-5685939,2/12,0.0004814776145385075,0.0025934135146733,0,0,75.22641509433963,574.6283172633098,RAD50;RBBP8,0,55
Reactome_2022,Mismatch Repair (MMR) Directed By MSH2:MSH3 (MutSbeta) R-HSA-5358606,2/14,0.0006615177095993661,0.0034839932705566,0,0,62.68238993710692,458.8961346318759,PMS2;MLH1,0,55
Reactome_2022,SUMO E3 Ligases SUMOylate Target Proteins R-HSA-3108232,4/168,0.00117359353186,0.0059596410086537,0,0,9.460066953610712,63.83355039207859,BLM;BRCA1;TP53BP1;TP53,0,55
Reactome_2022,Processive Synthesis On C-strand Of Telomere R-HSA-174414,2/19,0.0012321620650803,0.0059596410086537,0,0,44.23529411764706,296.3315662879716,BLM;TERF2,0,55
Reactome_2022,Regulation Of TP53 Activity Thru Methylation R-HSA-6804760,2/19,0.0012321620650803,0.0059596410086537,0,0,44.23529411764706,296.3315662879716,ATM;TP53,0,55
Reactome_2022,SUMOylation Of Transcription Factors R-HSA-3232118,2/19,0.0012321620650803,0.0059596410086537,0,0,44.23529411764706,296.3315662879716,TP53BP1;TP53,0,55
Reactome_2022,SUMOylation R-HSA-2990846,4/174,0.0013357970017878,0.0062288089127037,0,0,9.123414071510958,60.38082680166087,BLM;BRCA1;TP53BP1;TP53,0,55
Reactome_2022,TP53 Regulates Transcription Of Genes Involved In Cytochrome C Release R-HSA-6803204,2/20,0.0013666584956143,0.0062288089127037,0,0,41.77568134171908,275.5267677897696,ATM;TP53,0,55
Reactome_2022,Processing Of Intronless Pre-mRNAs R-HSA-77595,2/20,0.0013666584956143,0.0062288089127037,0,0,41.77568134171908,275.5267677897696,CSTF2;CSTF1,0,55
Reactome_2022,E2F Mediated Regulation Of DNA Replication R-HSA-113510,2/22,0.0016557246776615,0.0074039009170901,0,0,37.59433962264151,240.73597386560573,ORC4;MCM8,0,55
Reactome_2022,Processing Of Capped Intronless Pre-mRNA R-HSA-75067,2/29,0.0028744209090306,0.0126155139896344,0,0,27.83787561146052,162.90457697750804,CSTF2;CSTF1,0,55
Reactome_2022,Metalloprotease DUBs R-HSA-5689901,2/31,0.0032805707069433,0.0141362774099193,0,0,25.915419648666237,148.2294073291968,BARD1;BRCA1,0,55
Reactome_2022,Activation Of Pre-Replicative Complex R-HSA-68962,2/32,0.0034931271287104,0.0147834130268639,0,0,25.050314465408807,141.7085747770232,ORC4;MCM8,0,55
Reactome_2022,Oncogene Induced Senescence R-HSA-2559585,2/33,0.0037119578894409,0.0151678279275431,0,0,24.241022519780888,135.65750862045326,CDKN2D;TP53,0,55
Reactome_2022,Telomere C-strand (Lagging Strand) Synthesis R-HSA-174417,2/33,0.0037119578894409,0.0151678279275431,0,0,24.241022519780888,135.65750862045326,BLM;TERF2,0,55
Reactome_2022,Cellular Responses To Stimuli R-HSA-8953897,7/736,0.0038806164829195,0.0155512612143685,0,0,3.8440786465477834,21.34140687423133,CDKN2D;MT2A;BRIP1;RAD50;ATM;TERF2;TP53,0,55
Reactome_2022,Transcriptional Regulation By E2F6 R-HSA-8953750,2/34,0.0039370281555363,0.0155512612143685,0,0,23.48231132075472,130.0292861762509,RBBP8;BRCA1,0,55
Reactome_2022,Activation Of ATR In Response To Replication Stress R-HSA-176187,2/36,0.0044057485573151,0.0168413291626402,0,0,22.098779134295228,119.88245371315708,ORC4;MCM8,0,55
Reactome_2022,Regulation Of TP53 Degradation R-HSA-6804757,2/36,0.0044057485573151,0.0168413291626402,0,0,22.098779134295228,119.88245371315708,ATM;TP53,0,55
Reactome_2022,Regulation Of TP53 Expression And Degradation R-HSA-6806003,2/37,0.0046493297130716,0.0174903355872694,0,0,21.466307277628037,115.29622797888813,ATM;TP53,0,55
Reactome_2022,TP53 Regulates Transcription Of Cell Death Genes R-HSA-5633008,2/44,0.0065233382304956,0.0241567368848043,0,0,17.88230008984726,89.9903332561638,ATM;TP53,0,55
Reactome_2022,Disease R-HSA-1643685,11/1736,0.0068818934077718,0.0250924421175682,0,0,2.6405797101449275,13.14708055163982,MSH6;BARD1;BLM;BRIP1;RAD50;RBBP8;PMS2;ATM;BRCA1;MLH1;TP53,0,55
Reactome_2022,Mitotic G1 Phase And G1/S Transition R-HSA-453279,3/147,0.0077201101912605,0.0277222138686172,0,0,7.933092948717949,38.5859821433043,CDKN2D;ORC4;MCM8,0,55
Reactome_2022,Extension Of Telomeres R-HSA-180786,2/50,0.0083588302127531,0.0295678023943656,0,0,15.642295597484276,74.83957451132376,BLM;TERF2,0,55
Reactome_2022,Autodegradation Of E3 Ubiquitin Ligase COP1 R-HSA-349425,2/51,0.0086847744196851,0.0302689931980203,0,0,15.322294955718135,72.72242891249378,ATM;TP53,0,55
Reactome_2022,Stabilization Of P53 R-HSA-69541,2/56,0.0103983862699687,0.0357161963185883,0,0,13.900069881201956,63.46917373688809,ATM;TP53,0,55
Reactome_2022,mRNA 3-End Processing R-HSA-72187,2/58,0.0111223827118784,0.0376572100387884,0,0,13.402291105121291,60.29417013614965,CSTF2;CSTF1,0,55
Reactome_2022,Meiotic Synapsis R-HSA-1221632,2/60,0.0118680285263518,0.0396158135316252,0,0,12.938841899804814,57.36962390882845,BRCA1;TERF2,0,55
Reactome_2022,Activation Of NOXA And Translocation To Mitochondria R-HSA-111448,1/5,0.0136758198325555,0.0442439988293805,0,0,92.31944444444444,396.2466860772184,TP53,0,55
Reactome_2022,Regulation Of HMOX1 Expression And Activity R-HSA-9707587,1/5,0.0136758198325555,0.0442439988293805,0,0,92.31944444444444,396.2466860772184,BRIP1,0,55
Reactome_2022,p53-Dependent G1 DNA Damage Response R-HSA-69563,2/65,0.0138252191069315,0.0442439988293805,0,0,11.908954776879304,50.98534224482072,ATM;TP53,0,55
Reactome_2022,Cellular Responses To Stress R-HSA-2262752,6/722,0.0140012654523356,0.0442439988293805,0,0,3.288507581803671,14.037348337955914,CDKN2D;BRIP1;RAD50;ATM;TERF2;TP53,0,55
Reactome_2022,G1/S DNA Damage Checkpoints R-HSA-69615,2/67,0.0146446770009352,0.0450751746652163,0,0,11.541364296081277,48.74701055518876,ATM;TP53,0,55
Reactome_2022,RNA Polymerase II Transcription Termination R-HSA-73856,2/67,0.0146446770009352,0.0450751746652163,0,0,11.541364296081277,48.74701055518876,CSTF2;CSTF1,0,55
Reactome_2022,Orc1 Removal From Chromatin R-HSA-68949,2/69,0.0154846720836357,0.0470495805618162,0,0,11.1957195156294,46.66269134161318,ORC4;MCM8,0,55
Reactome_2022,Estrogen Biosynthesis R-HSA-193144,1/6,0.0163888762191803,0.0491666286575411,0,0,73.85185185185185,303.6162219440683,HSD17B14,0,55
KEGG_2021_Human,Homologous recombination,7/41,8.299493472486643e-12,1.9918784333967943e-10,0,0,95.35704514363886,2433.018474827124,RAD52;RAD51;RAD51C;XRCC2;XRCC3;BRCA2;PALB2,1,50
KEGG_2021_Human,Fanconi anemia pathway,4/54,9.96677383351584e-06,0.00011960128600219008,0,0,34.608695652173914,398.5625163721059,RAD51C;RAD51;BRCA2;PALB2,1,50
Reactome_2022,Resolution Of D-loop Structures Thru Holliday Junction Intermediates R-HSA-5693568,8/33,1.1214261698227011e-14,1.149045500287764e-12,0,0,151.8095238095238,4876.363291125565,RAD51AP1;RAD51;RAD51C;XRCC2;XRCC3;BRCA2;PALB2;SPIDR,1,50
Reactome_2022,Resolution Of D-Loop Structures R-HSA-5693537,8/34,1.4637522296659413e-14,1.149045500287764e-12,0,0,145.96336996336996,4649.690612130351,RAD51AP1;RAD51;RAD51C;XRCC2;XRCC3;BRCA2;PALB2;SPIDR,1,50
Reactome_2022,HDR Thru Homologous Recombination (HRR) Or Single Strand Annealing (SSA) R-HSA-5693567,10/114,2.053268896825741e-13,1.0568093184734063e-11,0,0,47.70673076923077,1393.7126908206094,RNF168;RAD51AP1;RAD52;RAD51C;RAD51;XRCC2;XRCC3;BRCA2;SPIDR;PALB2,1,50
Reactome_2022,Homology Directed Repair R-HSA-5693538,10/119,3.18072434167714e-13,1.0568093184734063e-11,0,0,45.50688073394495,1309.528628645342,RNF168;RAD51AP1;RAD52;RAD51C;RAD51;XRCC2;XRCC3;BRCA2;SPIDR;PALB2,1,50
Reactome_2022,Resolution Of D-loop Structures Thru Synthesis-Dependent Strand Annealing (SDSA) R-HSA-5693554,7/27,3.365634772208301e-13,1.0568093184734063e-11,0,0,162.22093023255815,4658.983433079515,RAD51AP1;RAD51;RAD51C;XRCC2;XRCC3;BRCA2;PALB2,1,50
Reactome_2022,DNA Double-Strand Break Repair R-HSA-5693532,10/149,3.089391664220749e-12,8.083908188044294e-11,0,0,35.631294964028775,944.3378821387524,RNF168;RAD51AP1;RAD52;RAD51C;RAD51;XRCC2;XRCC3;BRCA2;SPIDR;PALB2,1,50
Reactome_2022,HDR Thru Homologous Recombination (HRR) R-HSA-5685942,8/67,4.944295888991421e-12,1.1089349351023615e-10,0,0,64.21630347054077,1671.7293212443856,RAD51AP1;RAD51C;RAD51;XRCC2;XRCC3;BRCA2;SPIDR;PALB2,1,50
Reactome_2022,DNA Repair R-HSA-73894,12/310,1.1151629312747102e-11,2.0673913558372838e-10,0,0,20.825150123631225,525.1985303622624,RNF168;RAD51AP1;RAD52;RAD51C;RAD51;NTHL1;XRCC2;XRCC3;ERCC5;BRCA2;SPIDR;PALB2,1,50
Reactome_2022,Homologous DNA Pairing And Strand Exchange R-HSA-5693579,7/43,1.185128802709271e-11,2.0673913558372838e-10,0,0,90.05038759689923,2265.5402910159933,RAD51AP1;RAD51;RAD51C;XRCC2;XRCC3;BRCA2;PALB2,1,50
Reactome_2022,Impaired BRCA2 Binding To PALB2 R-HSA-9709603,6/24,2.326852454180505e-11,3.6531583530633935e-10,0,0,151.0,3697.071851544045,RAD51AP1;RAD51;RAD51C;XRCC2;BRCA2;PALB2,1,50
Reactome_2022,Defective HDR Thru Homologous Recombination (HRR) Due To BRCA1 Loss-Of-Function R-HSA-9701192,6/25,3.0558916457961434e-11,4.361590803545405e-10,0,0,143.04545454545453,3463.3256555853736,RAD51AP1;RAD51;RAD51C;XRCC2;BRCA2;PALB2,1,50
Reactome_2022,Diseases Of DNA Repair R-HSA-9675135,7/51,4.194345703542488e-11,5.487602295468088e-10,0,0,73.64799154334038,1759.7965652643545,RAD51AP1;RAD51C;RAD51;NTHL1;XRCC2;BRCA2;PALB2,1,50
Reactome_2022,Defective Homologous Recombination Repair (HRR) Due To BRCA2 Loss Of Function R-HSA-9701190,6/41,7.528214146454407e-10,9.0917663153334e-09,0,0,77.5909090909091,1629.9672086342566,RAD51AP1;RAD51;RAD51C;XRCC2;BRCA2;PALB2,1,50
Reactome_2022,Meiotic Recombination R-HSA-912446,5/56,2.759038080443561e-07,3.09406413306885e-06,0,0,43.35294117647059,654.7687287629624,PSMC3IP;RAD51C;RAD51;MND1;BRCA2,1,50
Reactome_2022,Meiosis R-HSA-1500620,5/88,2.6648782111628022e-06,2.7892391943504e-05,0,0,26.595716198125835,341.365384434583,PSMC3IP;RAD51C;RAD51;MND1;BRCA2,1,50
Reactome_2022,Presynaptic Phase Of Homologous DNA Pairing And Strand Exchange R-HSA-5693616,4/40,2.9552766795183957e-06,2.899865241777425e-05,0,0,48.10144927536232,612.4237213484249,RAD51;RAD51C;XRCC2;BRCA2,1,50
Reactome_2022,Reproduction R-HSA-1474165,5/113,9.11098681738206e-06,8.414264296052841e-05,0,0,20.41358024691358,236.92061516123388,PSMC3IP;RAD51C;RAD51;MND1;BRCA2,1,50
Reactome_2022,HDR Thru MMEJ (alt-NHEJ) R-HSA-5685939,2/12,0.0003978405023918532,0.0034700532708622,0,0,83.08333333333333,650.4975835514635,RAD52;BRCA2,1,50
Reactome_2022,Cell Cycle R-HSA-1640170,7/654,0.0011390305697949,0.009411989445148,0,0,4.85679882103447,32.91733165347222,RNF168;PSMC3IP;RAD51C;RAD51;MND1;PDS5B;BRCA2,1,50
Reactome_2022,HATs Acetylate Histones R-HSA-3214847,3/106,0.0023667454978385,0.0185789521580322,0,0,12.299318322660609,74.36462396066707,MORF4L1;MORF4L2;USP22,1,50
Reactome_2022,Impaired BRCA2 Binding To RAD51 R-HSA-9709570,2/35,0.0034573756419477,0.0258479988469426,0,0,25.147727272727277,142.5183432834292,RAD51;BRCA2,1,50
Reactome_2022,HDR Thru Single Strand Annealing (SSA) R-HSA-5685938,2/37,0.0038576315924392,0.0275294618187708,0,0,23.70833333333333,131.76384828572083,RAD52;RAD51,1,50
KEGG_2021_Human,mTOR signaling pathway,7/154,3.150618964787629e-09,3.875261326688784e-07,0,0,39.32936507936508,769.8985504438347,STK11;CAB39;CAB39L;STRADA;STRADB;PTEN;AKT1,2,31
KEGG_2021_Human,AMPK signaling pathway,6/120,2.678697023897213e-08,1.6473986696967856e-06,0,0,41.8,728.7976405657394,STK11;CAB39;CAB39L;STRADA;STRADB;AKT1,2,31
KEGG_2021_Human,Apoptosis,6/142,7.327507399408607e-08,3.004278033757529e-06,0,0,34.99941176470588,575.0069227744575,CASP8;CASP10;CASP6;TNFSF10;AKT1;TNFRSF10B,2,31
KEGG_2021_Human,Lipid and atherosclerosis,6/215,8.46588470905413e-07,2.603259548034145e-05,0,0,22.69090909090909,317.26545102868533,PYCARD;CASP8;CASP6;TNFSF10;AKT1;TNFRSF10B,2,31
KEGG_2021_Human,Salmonella infection,6/249,1.988559648873585e-06,4.8918567362290194e-05,0,0,19.482469135802468,255.7678025908271,PYCARD;CASP8;TNFSF10;AKT1;TNFRSF10B;PIK3C3,2,31
KEGG_2021_Human,Influenza A,5/172,6.291009452902966e-06,0.0001289656937845108,0,0,22.80285582680792,273.09587202956965,PYCARD;CASP8;TNFSF10;AKT1;TNFRSF10B,2,31
KEGG_2021_Human,FoxO signaling pathway,4/131,4.822082220432456e-05,0.0008473087330188459,0,0,23.14610673665792,230.0658115868224,STK11;PTEN;TNFSF10;AKT1,2,31
KEGG_2021_Human,Autophagy,4/137,5.742544164081166e-05,0.0008829161652274794,0,0,22.09523809523809,215.76051081268417,STK11;PTEN;AKT1;PIK3C3,2,31
KEGG_2021_Human,Necroptosis,4/159,0.00010236873075408605,0.0013990393203058,0,0,18.93811230585424,173.98309799079155,PYCARD;CASP8;TNFSF10;TNFRSF10B,2,31
KEGG_2021_Human,Tuberculosis,4/180,0.00016510494393906486,0.0020307908104504,0,0,16.660774410774412,145.09750579970583,CASP8;CASP10;AKT1;PIK3C3,2,31
KEGG_2021_Human,p53 signaling pathway,3/73,0.00019484739525025687,0.0021787481468892,0,0,30.45765306122449,260.20868143092946,CASP8;PTEN;TNFRSF10B,2,31
KEGG_2021_Human,Pathogenic Escherichia coli infection,4/197,0.00023325384750400225,0.002390851936916,0,0,15.180195739781231,126.95779437465752,PYCARD;CASP8;TNFSF10;TNFRSF10B,2,31
KEGG_2021_Human,Viral protein interaction with cytokine and cytokine receptor,3/100,0.0004924436798304106,0.0046592748168569,0,0,21.949926362297496,167.17350275311443,TNFSF10;TNFRSF10B;TNFRSF10D,2,31
KEGG_2021_Human,C-type lectin receptor signaling pathway,3/104,0.0005522640398650075,0.0048520340645282,0,0,21.07637906647808,158.1041265197237,PYCARD;CASP8;AKT1,2,31
KEGG_2021_Human,TNF signaling pathway,3/112,0.0006854437893185516,0.0056206390724121,0,0,19.521625163827,142.2237081276475,CASP8;CASP10;AKT1,2,31
KEGG_2021_Human,Hepatitis B,3/162,0.0019851043893972,0.0150585263476343,0,0,13.349056603773583,83.0589485340456,CASP8;CASP10;AKT1,2,31
KEGG_2021_Human,PI3K-Akt signaling pathway,4/354,0.0020812597391039,0.0150585263476343,0,0,8.304338624338625,51.27748003496079,STK11;TCL1A;PTEN;AKT1,2,31
KEGG_2021_Human,Kaposi sarcoma-associated herpesvirus infection,3/193,0.0032594904201948,0.0222731845379978,0,0,11.153571428571428,63.86740681499765,CASP8;AKT1;PIK3C3,2,31
KEGG_2021_Human,Legionellosis,2/57,0.0035190032834451,0.0223932291160802,0,0,24.9705329153605,141.07296061152428,PYCARD;CASP8,2,31
KEGG_2021_Human,Endometrial cancer,2/58,0.0036411754660293,0.0223932291160802,0,0,24.523399014778324,137.7098895888601,PTEN;AKT1,2,31
KEGG_2021_Human,Adipocytokine signaling pathway,2/69,0.0051132932370968,0.0280732637425228,0,0,20.485846628924342,108.08151613676682,STK11;AKT1,2,31
KEGG_2021_Human,Central carbon metabolism in cancer,2/70,0.0052586251195702,0.0280732637425228,0,0,20.183569979716022,105.921067676316,PTEN;AKT1,2,31
KEGG_2021_Human,RIG-I-like receptor signaling pathway,2/70,0.0052586251195702,0.0280732637425228,0,0,20.183569979716022,105.921067676316,CASP8;CASP10,2,31
KEGG_2021_Human,Melanoma,2/72,0.0055549582759753,0.0280732637425228,0,0,19.604926108374386,101.8096431909553,PTEN;AKT1,2,31
KEGG_2021_Human,Inositol phosphate metabolism,2/73,0.0057059479151469,0.0280732637425228,0,0,19.327829043224867,99.8523224658666,PTEN;PIK3C3,2,31
KEGG_2021_Human,Glioma,2/75,0.0060135443204343,0.0284486904389778,0,0,18.796410014171,96.11997192358464,PTEN;AKT1,2,31
KEGG_2021_Human,Shigellosis,3/246,0.0064082335520954,0.0291930639595461,0,0,8.697530864197532,43.92402355987627,PYCARD;AKT1;PIK3C3,2,31
KEGG_2021_Human,PD-L1 expression and PD-1 checkpoint pathway in cancer,2/89,0.0083727822480647,0.0367804363039988,0,0,15.760602457391991,75.37932152498767,PTEN;AKT1,2,31
KEGG_2021_Human,Small cell lung cancer,2/92,0.0089243322904424,0.0378514783353246,0,0,15.23295019157088,71.88389235582319,PTEN;AKT1,2,31
KEGG_2021_Human,Phosphatidylinositol signaling system,2/97,0.0098788379107661,0.038936477577999,0,0,14.427586206896551,66.61736514007372,PTEN;PIK3C3,2,31
KEGG_2021_Human,Prostate cancer,2/97,0.0098788379107661,0.038936477577999,0,0,14.427586206896551,66.61736514007372,PTEN;AKT1,2,31
KEGG_2021_Human,Cytokine-cytokine receptor interaction,3/295,0.0105227082269435,0.038936477577999,0,0,7.220034246575342,32.881621975035166,TNFSF10;TNFRSF10B;TNFRSF10D,2,31
KEGG_2021_Human,Chagas disease,2/102,0.0108768145131928,0.038936477577999,0,0,13.702758620689655,61.95184159900207,CASP8;AKT1,2,31
KEGG_2021_Human,Longevity regulating pathway,2/102,0.0108768145131928,0.038936477577999,0,0,13.702758620689655,61.95184159900207,STK11;AKT1,2,31
KEGG_2021_Human,Toll-like receptor signaling pathway,2/104,0.0112880236020324,0.038936477577999,0,0,13.432724814063556,60.23251233622612,CASP8;AKT1,2,31
KEGG_2021_Human,Huntington disease,3/306,0.0116149441064405,0.038936477577999,0,0,6.954031117397454,30.983426431769225,HIP1;CASP8;PIK3C3,2,31
KEGG_2021_Human,Insulin resistance,2/108,0.0121308058226154,0.038936477577999,0,0,12.923227065712426,57.01736990523055,PTEN;AKT1,2,31
KEGG_2021_Human,Riboflavin metabolism,1/8,0.0123349690429111,0.038936477577999,0,0,95.05714285714286,417.8062796500496,ACP1,2,31
KEGG_2021_Human,HIF-1 signaling pathway,2/109,0.0123457124027801,0.038936477577999,0,0,12.801804705124074,56.25684524067741,AKT1;ENO2,2,31
KEGG_2021_Human,Toxoplasmosis,2/112,0.0130004527316697,0.0399763921498845,0,0,12.450783699059562,54.07090357846781,CASP8;AKT1,2,31
KEGG_2021_Human,Human papillomavirus infection,3/331,0.0143342993094047,0.042715997354187,0,0,6.4158318815331015,27.23584830876282,CASP8;PTEN;AKT1,2,31
KEGG_2021_Human,Sphingolipid signaling pathway,2/119,0.0145859503160638,0.042715997354187,0,0,11.701738874152667,49.47140072441286,PTEN;AKT1,2,31
Reactome_2022,TRAIL Signaling R-HSA-75158,5/8,3.556928496960315e-13,8.501059107735153e-11,0,0,1279.871794871795,36687.15232465487,CASP8;CASP10;TNFSF10;TNFRSF10B;TNFRSF10D,2,31
Reactome_2022,MTOR Signaling R-HSA-165159,6/41,3.5888876557424015e-11,4.2887207486121695e-09,0,0,136.69028571428572,3287.4825263161147,STK11;CAB39;CAB39L;STRADA;STRADB;AKT1,2,31
Reactome_2022,Energy Dependent Regulation Of mTOR By LKB1-AMPK R-HSA-380972,5/29,7.374419023784432e-10,5.874953822281597e-08,0,0,159.81570512820514,3360.5780872249456,STK11;CAB39;CAB39L;STRADA;STRADB,2,31
Reactome_2022,Signal Transduction R-HSA-162582,16/2465,1.3064147297380302e-07,7.80582801018473e-06,0,0,7.630869742752144,120.9554596607296,KDM4A;CAB39;CAB39L;STRADA;STRADB;PTEN;TNFRSF10B;ETV4;TNFRSF10D;STK11;CASP8;CASP10;DLC1;TNFSF10;AKT1;PIK3C3,2,31
Reactome_2022,CASP8 Activity Is Inhibited R-HSA-5218900,3/11,5.516285798955124e-07,2.095440426699944e-05,0,0,267.33482142857144,3852.39927252742,CASP8;TNFSF10;TNFRSF10B,2,31
Reactome_2022,Dimerization Of Procaspase-8 R-HSA-69416,3/11,5.516285798955124e-07,2.095440426699944e-05,0,0,267.33482142857144,3852.39927252742,CASP8;TNFSF10;TNFRSF10B,2,31
Reactome_2022,TP53 Regulates Transcription Of Cell Death Genes R-HSA-5633008,4/44,6.137273216275986e-07,2.095440426699944e-05,0,0,73.81111111111112,1055.7731052139452,CASP10;CASP6;TNFRSF10B;TNFRSF10D,2,31
Reactome_2022,Transcriptional Regulation By TP53 R-HSA-3700989,7/354,9.355480024355576e-07,2.794949657276228e-05,0,0,16.493035542747357,228.958519253499,STK11;CASP10;CASP6;PTEN;AKT1;TNFRSF10B;TNFRSF10D,2,31
Reactome_2022,Caspase Activation Via Death Receptors In Presence Of Ligand R-HSA-140534,3/16,1.8624166634652688e-06,4.945750917424437e-05,0,0,164.47252747252747,2169.9905989699823,CASP8;TNFSF10;TNFRSF10B,2,31
Reactome_2022,Death Receptor Signaling R-HSA-73887,5/139,2.2161385488225663e-06,5.296571131685933e-05,0,0,28.4658438576349,370.6180074277425,CASP8;CASP10;TNFSF10;TNFRSF10B;TNFRSF10D,2,31
Reactome_2022,Apoptosis R-HSA-109581,5/178,7.433861949309613e-06,0.00016151754598954523,0,0,22.00533570475767,259.87124306052124,CASP8;CASP6;TNFSF10;AKT1;TNFRSF10B,2,31
Reactome_2022,Caspase Activation Via Extrinsic Apoptotic Signaling Pathway R-HSA-5357769,3/26,8.556756831260022e-06,0.00017042207355592878,0,0,92.91614906832298,1084.2189673887212,CASP8;TNFSF10;TNFRSF10B,2,31
Reactome_2022,Regulation Of Necroptotic Cell Death R-HSA-5675482,3/29,1.1987759419957194e-05,0.000220390346259213,0,0,82.1826923076923,931.263407749183,CASP8;TNFSF10;TNFRSF10B,2,31
Reactome_2022,RIPK1-mediated Regulated Necrosis R-HSA-5213460,3/31,1.4715946982182002e-05,0.0002512222377672499,0,0,76.30484693877551,849.0118940764263,CASP8;TNFSF10;TNFRSF10B,2,31
Reactome_2022,Programmed Cell Death R-HSA-5357801,5/208,1.580720334473872e-05,0.00025186143995950365,0,0,18.72489579386131,207.0045621373235,CASP8;CASP6;TNFSF10;AKT1;TNFRSF10B,2,31
Reactome_2022,FasL/ CD95L Signaling R-HSA-75157,2/5,2.3182535919118327e-05,0.00034628913029183,0,0,458.98850574712645,4898.376430167524,CASP8;CASP10,2,31
Reactome_2022,CLEC7A/inflammasome Pathway R-HSA-5660668,2/6,3.474033343857295e-05,0.0004884082171658197,0,0,344.2241379310345,3534.358925166317,PYCARD;CASP8,2,31
Reactome_2022,Regulated Necrosis R-HSA-5218859,3/57,9.321611427381588e-05,0.0012377028506356,0,0,39.513888888888886,366.7122001583965,CASP8;TNFSF10;TNFRSF10B,2,31
Reactome_2022,TP53 Regulates Transcription Of Caspase Activators And Caspases R-HSA-6803207,2/12,0.0001519754404094439,0.0017296252503741,0,0,137.64827586206897,1210.1749591161836,CASP10;CASP6,2,31
Reactome_2022,TP53 Regulates Transcription Of Death Receptors And Ligands R-HSA-6803211,2/12,0.0001519754404094439,0.0017296252503741,0,0,137.64827586206897,1210.1749591161836,TNFRSF10B;TNFRSF10D,2,31
Reactome_2022,Caspase-mediated Cleavage Of Cytoskeletal Proteins R-HSA-264870,2/12,0.0001519754404094439,0.0017296252503741,0,0,137.64827586206897,1210.1749591161836,CASP8;CASP6,2,31
Reactome_2022,NF-kB Activation Thru FADD/RIP-1 Pathway Mediated By Caspase-8 And -10 R-HSA-933543,2/13,0.00017943408999380463,0.0019493067049326,0,0,125.12852664576802,1079.32145813929,CASP8;CASP10,2,31
Reactome_2022,Innate Immune System R-HSA-168249,7/1035,0.0008576159656237961,0.0089117485123516,0,0,5.373986705577172,37.94762333186078,PYCARD;CASP8;CAB39;CASP10;DLC1;NLRC3;PIK3C3,2,31
Reactome_2022,Apoptotic Cleavage Of Cellular Proteins R-HSA-111465,2/38,0.0015786688417766,0.0157209105493595,0,0,38.18582375478927,246.343366349648,CASP8;CASP6,2,31
Reactome_2022,Generic Transcription Pathway R-HSA-212436,7/1190,0.0019317498079881,0.0184675281643671,0,0,4.631656804733728,28.944747421992854,STK11;CASP10;CASP6;PTEN;AKT1;TNFRSF10B;TNFRSF10D,2,31
Reactome_2022,Immune System R-HSA-168256,9/1943,0.0021064300464362,0.019362953119164,0,0,3.814867913885494,23.510118000181222,PYCARD;CASP8;CAB39;CASP10;DLC1;PTEN;AKT1;NLRC3;PIK3C3,2,31
Reactome_2022,Apoptotic Execution Phase R-HSA-75153,2/52,0.002937791521612,0.0260048953209363,0,0,27.474482758620688,160.1789039869191,CASP8;CASP6,2,31
Reactome_2022,"Nucleotide-binding Domain, Leucine Rich Repeat Containing NLR Signaling Pathways R-HSA-168643",2/53,0.0030500605860942,0.0260344457170183,0,0,26.934415145368494,156.02012683130314,PYCARD;CASP8,2,31
Reactome_2022,Intrinsic Pathway For Apoptosis R-HSA-109606,2/55,0.0032805707069433,0.0267438667110244,0,0,25.915419648666237,148.2294073291968,CASP8;AKT1,2,31
Reactome_2022,RNA Polymerase II Transcription R-HSA-73857,7/1312,0.0033569707168649,0.0267438667110244,0,0,4.17139208173691,23.7632371991021,STK11;CASP10;CASP6;PTEN;AKT1;TNFRSF10B;TNFRSF10D,2,31
Reactome_2022,FOXO-mediated Transcription R-HSA-9614085,2/65,0.0045510000089712,0.0350867420046493,0,0,21.790914066776136,117.50550561626432,STK11;AKT1,2,31
Reactome_2022,Regulation Of PTEN Stability And Activity R-HSA-8948751,2/67,0.0048283280464588,0.0360615750969895,0,0,21.118302387267903,112.62929246148852,PTEN;AKT1,2,31
Reactome_2022,Gene Expression (Transcription) R-HSA-74160,7/1449,0.0058061440765532,0.0420505586150375,0,0,3.747370550161812,19.29460613183017,STK11;CASP10;CASP6;PTEN;AKT1;TNFRSF10B;TNFRSF10D,2,31
Reactome_2022,TP53 Regulates Metabolic Genes R-HSA-5628897,2/81,0.0069808554984196,0.0474581411018879,0,0,17.36359668267132,86.20303089558485,PTEN;AKT1,2,31
Reactome_2022,DDX58/IFIH1-mediated Induction Of Interferon-Alpha/Beta R-HSA-168928,2/81,0.0069808554984196,0.0474581411018879,0,0,17.36359668267132,86.20303089558485,CASP8;CASP10,2,31
Reactome_2022,PI Metabolism R-HSA-1483255,2/82,0.0071485066094893,0.0474581411018879,0,0,17.145689655172415,84.71431176469774,PTEN;PIK3C3,2,31
Reactome_2022,Defective RIPK1-mediated Regulated Necrosis R-HSA-9693928,1/5,0.0077266942890359,0.0499102685156649,0,0,166.375,809.0939625056958,CASP8,2,31
KEGG_2021_Human,Endometrial cancer,5/58,8.737335280528076e-09,1.057217568943897e-06,0,0,93.97169811320757,1743.7069344632062,PIK3CA;CDH1;ERBB2;PIK3R3;CTNNA2,3,25
KEGG_2021_Human,Rap1 signaling pathway,6/210,1.8704476290486974e-07,1.131620815574462e-05,0,0,30.605263157894736,474.1342233822466,CSF1R;PDGFRA;PIK3CA;CDH1;PIK3R3;TEK,3,25
KEGG_2021_Human,Gastric cancer,5/149,1.010724736418949e-06,3.718850688463673e-05,0,0,34.42881944444444,475.284444476365,PIK3CA;CDH1;ERBB2;PIK3R3;CTNNA2,3,25
KEGG_2021_Human,Central carbon metabolism in cancer,4/70,1.6462555403471631e-06,3.718850688463673e-05,0,0,57.457431457431454,765.1610294727685,PDGFRA;PIK3CA;ERBB2;PIK3R3,3,25
KEGG_2021_Human,Adherens junction,4/71,1.7430743852301126e-06,3.718850688463673e-05,0,0,56.59701492537314,750.4685008814449,FER;CDH1;ERBB2;CTNNA2,3,25
KEGG_2021_Human,Melanoma,4/72,1.8440581926266149e-06,3.718850688463673e-05,0,0,55.76190476190476,736.2546445816902,PDGFRA;PIK3CA;CDH1;PIK3R3,3,25
KEGG_2021_Human,Bacterial invasion of epithelial cells,4/77,2.4155132216897017e-06,4.1753871403493415e-05,0,0,51.92954990215264,671.6359632230644,PIK3CA;CDH1;PIK3R3;CTNNA2,3,25
KEGG_2021_Human,Pathways in cancer,7/531,2.8357239758487067e-06,4.2890325134711686e-05,0,0,14.43564461407973,184.3895675291361,CSF1R;PDGFRA;PIK3CA;CDH1;ERBB2;PIK3R3;CTNNA2,3,25
KEGG_2021_Human,PI3K-Akt signaling pathway,6/354,3.927653232743538e-06,5.280511568466312e-05,0,0,17.810344827586206,221.693705364874,CSF1R;PDGFRA;PIK3CA;ERBB2;PIK3R3;TEK,3,25
KEGG_2021_Human,Focal adhesion,5/201,4.400215363366012e-06,5.324260589672874e-05,0,0,25.228316326530614,311.1624477390953,PDGFRA;PIK3CA;ERBB2;PIK3R3;PIP5K1C,3,25
KEGG_2021_Human,Prostate cancer,4/97,6.081445717883259e-06,6.387694513203513e-05,0,0,40.72094214029698,489.0694327033256,PDGFRA;PIK3CA;ERBB2;PIK3R3,3,25
KEGG_2021_Human,Choline metabolism in cancer,4/98,6.334903649458029e-06,6.387694513203513e-05,0,0,40.285714285714285,482.19727698578566,PDGFRA;PIK3CA;PIK3R3;PIP5K1C,3,25
KEGG_2021_Human,Ras signaling pathway,5/232,8.842896091286993e-06,8.230695592659432e-05,0,0,21.748898678414097,253.06792580800987,CSF1R;PDGFRA;PIK3CA;PIK3R3;TEK,3,25
KEGG_2021_Human,HIF-1 signaling pathway,4/109,9.666549587535466e-06,8.354660714941367e-05,0,0,36.0453514739229,416.2098747943481,PIK3CA;ERBB2;PIK3R3;TEK,3,25
KEGG_2021_Human,Phospholipase D signaling pathway,4/148,3.22693324227539e-05,0.0002603059482102148,0,0,26.23148148148148,271.2700652508516,PDGFRA;PIK3CA;PIK3R3;PIP5K1C,3,25
KEGG_2021_Human,JAK-STAT signaling pathway,4/162,4.594460868629414e-05,0.0003474561031900995,0,0,23.890295358649787,238.6180390242169,PDGFRA;PIK3CA;IL20RA;PIK3R3,3,25
KEGG_2021_Human,Acute myeloid leukemia,3/67,7.839415188104293e-05,0.0005579819045650702,0,0,42.42400568181818,401.0664199979474,CSF1R;PIK3CA;PIK3R3,3,25
KEGG_2021_Human,Non-small cell lung cancer,3/72,9.71965052408056e-05,0.0006533765074520822,0,0,39.3399209486166,363.4527096913085,PIK3CA;ERBB2;PIK3R3,3,25
KEGG_2021_Human,Glioma,3/75,0.00010977507887209828,0.000690862978805415,0,0,37.69507575757576,343.66890907069524,PDGFRA;PIK3CA;PIK3R3,3,25
KEGG_2021_Human,Pancreatic cancer,3/76,0.00011419222790172148,0.000690862978805415,0,0,37.17683686176837,337.47746996612005,PIK3CA;ERBB2;PIK3R3,3,25
KEGG_2021_Human,Regulation of actin cytoskeleton,4/218,0.00014511959255281785,0.00083616527137576,0,0,17.588785046728972,155.4488446520025,PDGFRA;PIK3CA;PIK3R3;PIP5K1C,3,25
KEGG_2021_Human,ErbB signaling pathway,3/85,0.00015925201503756047,0.0008758860827065826,0,0,33.081485587583146,289.2983394455618,PIK3CA;ERBB2;PIK3R3,3,25
KEGG_2021_Human,Fc gamma R-mediated phagocytosis,3/97,0.0002353859754423274,0.0011867376261884,0,0,28.84090909090909,240.94514370450875,PIK3CA;PIK3R3;PIP5K1C,3,25
KEGG_2021_Human,Phosphatidylinositol signaling system,3/97,0.0002353859754423274,0.0011867376261884,0,0,28.84090909090909,240.94514370450875,PIK3CA;PIK3R3;PIP5K1C,3,25
KEGG_2021_Human,Leukocyte transendothelial migration,3/114,0.0003785579805760263,0.0018322206259879,0,0,24.402948402948404,192.274278888393,PIK3CA;PIK3R3;CTNNA2,3,25
KEGG_2021_Human,Neurotrophin signaling pathway,3/119,0.00042929625268384376,0.0019978787144132,0,0,23.34521943573668,181.00396787593613,PIK3CA;MATK;PIK3R3,3,25
KEGG_2021_Human,MAPK signaling pathway,4/294,0.0004535578697838184,0.0020326111942163,0,0,12.929392446633829,99.53547564426307,CSF1R;PDGFRA;ERBB2;TEK,3,25
KEGG_2021_Human,Osteoclast differentiation,3/127,0.0005192358906225087,0.0022438408130472,0,0,21.830278592375368,165.10572105107244,CSF1R;PIK3CA;PIK3R3,3,25
KEGG_2021_Human,MicroRNAs in cancer,4/310,0.0005537356392653381,0.0023104142190036,0,0,12.243386243386244,91.81098844787124,PDGFRA;PIK3CA;ERBB2;PIK3R3,3,25
KEGG_2021_Human,Yersinia infection,3/137,0.0006475851090030031,0.0026119266063121,0,0,20.190976933514246,148.24740897404638,PIK3CA;PIK3R3;PIP5K1C,3,25
KEGG_2021_Human,Breast cancer,3/147,0.0007946310787235174,0.0031016245330821,0,0,18.779356060606062,134.04014408031546,PIK3CA;ERBB2;PIK3R3,3,25
KEGG_2021_Human,Aldosterone-regulated sodium reabsorption,2/37,0.0009725891624110714,0.0036776027703668,0,0,49.54037267080745,343.5896723752696,PIK3CA;PIK3R3,3,25
KEGG_2021_Human,Bladder cancer,2/41,0.0011938231616913,0.0043773515928683,0,0,44.45039018952063,299.1775464324702,CDH1;ERBB2,3,25
KEGG_2021_Human,Type II diabetes mellitus,2/46,0.0015010858723645,0.0053420997222385,0,0,39.38932806324111,256.0923364971402,PIK3CA;PIK3R3,3,25
KEGG_2021_Human,Carbohydrate digestion and absorption,2/47,0.0015666022234334,0.0054159676867272,0,0,38.51207729468599,248.74358384853045,PIK3CA;PIK3R3,3,25
KEGG_2021_Human,Neutrophil extracellular trap formation,3/189,0.0016389843123182,0.0055088083830697,0,0,14.508064516129032,93.05006220016983,PIK3CA;PIK3R3;MACROH2A1,3,25
KEGG_2021_Human,Proteoglycans in cancer,3/205,0.0020666975730126,0.006758659630663,0,0,13.348109810981098,82.51538955896224,PIK3CA;ERBB2;PIK3R3,3,25
KEGG_2021_Human,Regulation of lipolysis in adipocytes,2/55,0.0021389615004277,0.0068109037250463,0,0,32.68580803937654,200.93387537332225,PIK3CA;PIK3R3,3,25
KEGG_2021_Human,VEGF signaling pathway,2/59,0.0024569633643719,0.0076228863356155,0,0,30.385964912280706,182.5840700831453,PIK3CA;PIK3R3,3,25
KEGG_2021_Human,Human cytomegalovirus infection,3/225,0.0026914650889742,0.0081416818941471,0,0,12.133292383292384,71.80081537399941,PDGFRA;PIK3CA;PIK3R3,3,25
KEGG_2021_Human,GnRH secretion,2/64,0.0028838973905792,0.0085110142502459,0,0,27.928471248246844,163.34280993179652,PIK3CA;PIK3R3,3,25
KEGG_2021_Human,Fc epsilon RI signaling pathway,2/68,0.0032487464098998,0.0093594837047115,0,0,26.23056653491436,150.2876657557229,PIK3CA;PIK3R3,3,25
KEGG_2021_Human,Renal cell carcinoma,2/69,0.0033431691568994,0.009407522511275,0,0,25.83776768332252,147.29687804184252,PIK3CA;PIK3R3,3,25
KEGG_2021_Human,Prolactin signaling pathway,2/70,0.0034388699204844,0.0094568922813321,0,0,25.456521739130437,144.40498019235108,PIK3CA;PIK3R3,3,25
KEGG_2021_Human,Inositol phosphate metabolism,2/73,0.0037336095301643,0.0100392611811085,0,0,24.377219840783837,136.27791764114787,PIK3CA;PIP5K1C,3,25
KEGG_2021_Human,Chronic myeloid leukemia,2/76,0.0040397406896228,0.0106262744227036,0,0,23.38542890716804,128.890540062766,PIK3CA;PIK3R3,3,25
KEGG_2021_Human,B cell receptor signaling pathway,2/81,0.004575049991834,0.0117783201917429,0,0,21.899834892680243,117.97742514785251,PIK3CA;PIK3R3,3,25
KEGG_2021_Human,Colorectal cancer,2/86,0.0051413941977667,0.0129605978735371,0,0,20.591097308488614,108.5239574055768,PIK3CA;PIK3R3,3,25
KEGG_2021_Human,PD-L1 expression and PD-1 checkpoint pathway in cancer,2/89,0.0054959408667662,0.0135716090791573,0,0,19.878060969515243,103.4403699896993,PIK3CA;PIK3R3,3,25
KEGG_2021_Human,Small cell lung cancer,2/92,0.0058614439271818,0.0141846943037799,0,0,19.21256038647343,98.7402509334194,PIK3CA;PIK3R3,3,25
KEGG_2021_Human,Inflammatory mediator regulation of TRP channels,2/98,0.0066249984591573,0.0149866976362918,0,0,18.006340579710145,90.33610260135455,PIK3CA;PIK3R3,3,25
KEGG_2021_Human,AGE-RAGE signaling pathway in diabetic complications,2/100,0.0068890740028299,0.0149866976362918,0,0,17.637089618456077,87.79423275712823,PIK3CA;PIK3R3,3,25
KEGG_2021_Human,Viral protein interaction with cytokine and cytokine receptor,2/100,0.0068890740028299,0.0149866976362918,0,0,17.637089618456077,87.79423275712823,CSF1R;IL20RA,3,25
KEGG_2021_Human,Progesterone-mediated oocyte maturation,2/100,0.0068890740028299,0.0149866976362918,0,0,17.637089618456077,87.79423275712823,PIK3CA;PIK3R3,3,25
KEGG_2021_Human,Amoebiasis,2/102,0.0071578890784244,0.0149866976362918,0,0,17.282608695652176,85.36813977232643,PIK3CA;PIK3R3,3,25
KEGG_2021_Human,Chagas disease,2/102,0.0071578890784244,0.0149866976362918,0,0,17.282608695652176,85.36813977232643,PIK3CA;PIK3R3,3,25
KEGG_2021_Human,Longevity regulating pathway,2/102,0.0071578890784244,0.0149866976362918,0,0,17.282608695652176,85.36813977232643,PIK3CA;PIK3R3,3,25
KEGG_2021_Human,T cell receptor signaling pathway,2/104,0.0074314203155166,0.0149866976362918,0,0,16.942028985507246,83.05047461025787,PIK3CA;PIK3R3,3,25
KEGG_2021_Human,Toll-like receptor signaling pathway,2/104,0.0074314203155166,0.0149866976362918,0,0,16.942028985507246,83.05047461025787,PIK3CA;PIK3R3,3,25
KEGG_2021_Human,C-type lectin receptor signaling pathway,2/104,0.0074314203155166,0.0149866976362918,0,0,16.942028985507246,83.05047461025787,PIK3CA;PIK3R3,3,25
KEGG_2021_Human,Insulin resistance,2/108,0.0079925381793877,0.0158540511427198,0,0,16.299425758818703,78.7139513198353,PIK3CA;PIK3R3,3,25
KEGG_2021_Human,TNF signaling pathway,2/112,0.0085722422040996,0.0167296984950976,0,0,15.703557312252965,74.73677741296086,PIK3CA;PIK3R3,3,25
KEGG_2021_Human,Cholinergic synapse,2/113,0.008720050690488,0.0167480338658579,0,0,15.561300430865648,73.79371315940043,PIK3CA;PIK3R3,3,25
KEGG_2021_Human,Sphingolipid signaling pathway,2/119,0.0096308940378224,0.0179282796704079,0,0,14.758825715347454,68.52196932308168,PIK3CA;PIK3R3,3,25
KEGG_2021_Human,"Growth hormone synthesis, secretion and action",2/119,0.0096308940378224,0.0179282796704079,0,0,14.758825715347454,68.52196932308168,PIK3CA;PIK3R3,3,25
KEGG_2021_Human,AMPK signaling pathway,2/120,0.0097866734177048,0.0179422345991255,0,0,14.63301400147384,67.7030586339645,PIK3CA;PIK3R3,3,25
KEGG_2021_Human,Thyroid hormone signaling pathway,2/121,0.0099435801354979,0.0179578089014217,0,0,14.509316770186336,66.89996618040063,PIK3CA;PIK3R3,3,25
KEGG_2021_Human,Platelet activation,2/124,0.0104210360667379,0.0185433141775778,0,0,14.1503920171062,64.58138189886994,PIK3CA;PIK3R3,3,25
KEGG_2021_Human,Relaxin signaling pathway,2/129,0.011239079846013,0.0197091110343127,0,0,13.589866484080794,60.99619005827312,PIK3CA;PIK3R3,3,25
KEGG_2021_Human,FoxO signaling pathway,2/131,0.0115740314163883,0.0197247577659575,0,0,13.377822716548703,59.651595927977866,PIK3CA;PIK3R3,3,25
KEGG_2021_Human,Natural killer cell mediated cytotoxicity,2/131,0.0115740314163883,0.0197247577659575,0,0,13.377822716548703,59.651595927977866,PIK3CA;PIK3R3,3,25
KEGG_2021_Human,Autophagy,2/137,0.0126051138276089,0.0206110645019011,0,0,12.77938808373591,55.892605043800906,PIK3CA;PIK3R3,3,25
KEGG_2021_Human,Estrogen signaling pathway,2/137,0.0126051138276089,0.0206110645019011,0,0,12.77938808373591,55.892605043800906,PIK3CA;PIK3R3,3,25
KEGG_2021_Human,Insulin signaling pathway,2/137,0.0126051138276089,0.0206110645019011,0,0,12.77938808373591,55.892605043800906,PIK3CA;PIK3R3,3,25
KEGG_2021_Human,Fluid shear stress and atherosclerosis,2/139,0.0129574768810712,0.0206296671396002,0,0,12.5915582354808,54.72394827734709,PIK3CA;PIK3R3,3,25
KEGG_2021_Human,Measles,2/139,0.0129574768810712,0.0206296671396002,0,0,12.5915582354808,54.72394827734709,PIK3CA;PIK3R3,3,25
KEGG_2021_Human,Apoptosis,2/142,0.0134940730405561,0.0209453674028898,0,0,12.319875776397517,53.04328335405592,PIK3CA;PIK3R3,3,25
KEGG_2021_Human,Signaling pathways regulating pluripotency of stem cells,2/143,0.0136750745853578,0.0209453674028898,0,0,12.231884057971014,52.5014539450397,PIK3CA;PIK3R3,3,25
KEGG_2021_Human,Spinocerebellar ataxia,2/143,0.0136750745853578,0.0209453674028898,0,0,12.231884057971014,52.5014539450397,PIK3CA;PIK3R3,3,25
KEGG_2021_Human,Cell adhesion molecules,2/148,0.0145959811115587,0.0220764214312326,0,0,11.810005955926146,49.92100210930623,CDH3;CDH1,3,25
KEGG_2021_Human,mTOR signaling pathway,2/154,0.0157356896277941,0.023505394065223,0,0,11.340389016018309,47.083298399153314,PIK3CA;PIK3R3,3,25
KEGG_2021_Human,Non-alcoholic fatty liver disease,2/155,0.015929275316928,0.023505394065223,0,0,11.265700483091788,46.63545595507459,PIK3CA;PIK3R3,3,25
KEGG_2021_Human,Cellular senescence,2/156,0.01612389224337,0.023505915198166,0,0,11.191981931112366,46.19438070413128,PIK3CA;PIK3R3,3,25
KEGG_2021_Human,Hepatitis C,2/157,0.0163195377462787,0.0235079055630919,0,0,11.11921458625526,45.75992958125708,PIK3CA;PIK3R3,3,25
KEGG_2021_Human,Hepatitis B,2/162,0.0173131010446175,0.0246430040132094,0,0,10.769021739130435,43.68229434032272,PIK3CA;PIK3R3,3,25
KEGG_2021_Human,Hippo signaling pathway,2/163,0.0175148623564959,0.0246430040132094,0,0,10.70159330272752,43.28479308666137,CDH1;CTNNA2,3,25
KEGG_2021_Human,Hepatocellular carcinoma,2/168,0.0185387675354075,0.0257838031239576,0,0,10.376636982713462,41.38089927813804,PIK3CA;PIK3R3,3,25
KEGG_2021_Human,Influenza A,2/172,0.0193758532378114,0.0266417982019907,0,0,10.130434782608695,39.95167592718283,PIK3CA;PIK3R3,3,25
KEGG_2021_Human,Axon guidance,2/182,0.0215372695413488,0.0292810069045304,0,0,9.56280193236715,36.70175054260199,PIK3CA;PIK3R3,3,25
KEGG_2021_Human,Chemokine signaling pathway,2/192,0.0237947850127502,0.0319462931304244,0,0,9.05491990846682,33.84990603571514,PIK3CA;PIK3R3,3,25
KEGG_2021_Human,Kaposi sarcoma-associated herpesvirus infection,2/193,0.0240257245856911,0.0319462931304244,0,0,9.007056681083542,33.58398323829012,PIK3CA;PIK3R3,3,25
KEGG_2021_Human,Epstein-Barr virus infection,2/202,0.0261458788108372,0.0339650079605836,0,0,8.597826086956522,31.331025933337955,PIK3CA;PIK3R3,3,25
KEGG_2021_Human,Viral carcinogenesis,2/203,0.0263860392421062,0.0339650079605836,0,0,8.554618213281419,31.095354763087023,PIK3CA;PIK3R3,3,25
KEGG_2021_Human,Diabetic cardiomyopathy,2/203,0.0263860392421062,0.0339650079605836,0,0,8.554618213281419,31.095354763087023,PIK3CA;PIK3R3,3,25
KEGG_2021_Human,Human immunodeficiency virus 1 infection,2/212,0.0285880735428577,0.036412177880903,0,0,8.184265010351966,29.093144187565965,PIK3CA;PIK3R3,3,25
KEGG_2021_Human,Lipid and atherosclerosis,2/215,0.0293381315708654,0.0369111285048983,0,0,8.067768932435191,28.470085084347566,PIK3CA;PIK3R3,3,25
KEGG_2021_Human,cAMP signaling pathway,2/216,0.0295899129336788,0.0369111285048983,0,0,8.029662738724095,28.266996424428683,PIK3CA;PIK3R3,3,25
KEGG_2021_Human,Human T-cell leukemia virus 1 infection,2/219,0.0303505095089493,0.0374735882712538,0,0,7.917451412542577,27.67103326755969,PIK3CA;PIK3R3,3,25
KEGG_2021_Human,Coronavirus disease,2/232,0.0337360698424354,0.0412329742518655,0,0,7.465028355387524,25.30038222456889,PIK3CA;PIK3R3,3,25
KEGG_2021_Human,Chemical carcinogenesis,2/239,0.0356181370797864,0.0429973071747634,0,0,7.241973949733993,24.151261114403876,PIK3CA;PIK3R3,3,25
KEGG_2021_Human,Calcium signaling pathway,2/240,0.0358903142533149,0.0429973071747634,0,0,7.211180124223603,23.99367177963481,PDGFRA;ERBB2,3,25
KEGG_2021_Human,Shigellosis,2/246,0.0375405315899198,0.0445333757096107,0,0,7.031717747683535,23.080446855476527,PIK3CA;PIK3R3,3,25
KEGG_2021_Human,Endocytosis,2/252,0.039219800556344,0.0460737462846372,0,0,6.860869565217391,22.21943065918508,PDGFRA;PIP5K1C,3,25
Reactome_2022,Signaling By Receptor Tyrosine Kinases R-HSA-9006934,9/496,4.736973047790898e-09,8.147593642200346e-07,0,0,22.50924024640657,431.45413463051193,PDGFRA;FER;PIK3CA;ERBB2;FLRT1;MATK;PIK3R3;ADAP1;TNS3,3,25
Reactome_2022,"PI5P, PP2A And IER3 Regulate PI3K/AKT Signaling R-HSA-6811558",5/106,1.856566697974941e-07,1.4657249179633054e-05,0,0,49.193069306930695,762.4614217741483,PDGFRA;PIK3CA;ERBB2;PIK3R3;PIP5K1C,3,25
Reactome_2022,Negative Regulation Of PI3K/AKT Network R-HSA-199418,5/113,2.5564969499359976e-07,1.4657249179633054e-05,0,0,45.98842592592592,698.079366422319,PDGFRA;PIK3CA;ERBB2;PIK3R3;PIP5K1C,3,25
Reactome_2022,Signal Transduction R-HSA-162582,13/2465,1.8039574082827124e-06,7.757016855615663e-05,0,0,7.7419453507340945,102.39131304571283,RGS17;PDGFRA;MATK;PIK3R3;ADAP1;FER;PIK3CA;ERBB2;FLRT1;PKP4;PIP5K1C;TEK;TNS3,3,25
Reactome_2022,Constitutive Signaling By Aberrant PI3K In Cancer R-HSA-2219530,4/78,2.543942991510681e-06,8.751163890796742e-05,0,0,51.22522522522522,659.8728666611207,PDGFRA;PIK3CA;ERBB2;PIK3R3,3,25
Reactome_2022,PI3K/AKT Signaling In Cancer R-HSA-2219528,4/105,8.333970666735847e-06,0.0002389071591130943,0,0,37.48043375766148,438.3400648844448,PDGFRA;PIK3CA;ERBB2;PIK3R3,3,25
Reactome_2022,PIP3 Activates AKT Signaling R-HSA-1257604,5/268,1.7753384158009813e-05,0.0004123183050577268,0,0,18.73764258555133,204.9698431181924,PDGFRA;PIK3CA;ERBB2;PIK3R3;PIP5K1C,3,25
Reactome_2022,Signaling By SCF-KIT R-HSA-1433557,3/42,1.917759558408032e-05,0.0004123183050577268,0,0,69.7062937062937,757.1335804059302,FER;PIK3CA;PIK3R3,3,25
Reactome_2022,Signaling By ERBB2 R-HSA-1227986,3/49,3.060063107376093e-05,0.0005399471651905768,0,0,59.07806324110672,614.0863332009578,PIK3CA;ERBB2;MATK,3,25
Reactome_2022,Intracellular Signaling By Second Messengers R-HSA-9006925,5/306,3.3528833458441e-05,0.0005399471651905768,0,0,16.340531561461795,168.35820898686848,PDGFRA;PIK3CA;ERBB2;PIK3R3;PIP5K1C,3,25
Reactome_2022,Synthesis Of PIPs At Plasma Membrane R-HSA-1660499,3/51,3.453150475056014e-05,0.0005399471651905768,0,0,56.61079545454545,581.598845967846,PIK3CA;PIK3R3;PIP5K1C,3,25
Reactome_2022,Signaling By PDGFRA Extracellular Domain Mutants R-HSA-9673770,2/11,8.193318465282479e-05,0.0011743756466904,0,0,192.9082125603865,1815.1903638966749,PDGFRA;PIK3CA,3,25
Reactome_2022,PI Metabolism R-HSA-1483255,3/82,0.00014314336988236997,0.0018938968938282,0,0,34.342922899884925,303.9920089085079,PIK3CA;PIK3R3;PIP5K1C,3,25
Reactome_2022,Signaling By ERBB2 ECD Mutants R-HSA-9665348,2/15,0.0001559398729733465,0.0019158327251011,0,0,133.5250836120401,1170.4862312462878,PIK3CA;ERBB2,3,25
Reactome_2022,PI3K Events In ERBB2 Signaling R-HSA-1963642,2/16,0.0001780806483866989,0.0020419914348341,0,0,123.98136645962732,1070.3651111926358,PIK3CA;ERBB2,3,25
Reactome_2022,Tie2 Signaling R-HSA-210993,2/17,0.00020167031602328324,0.0021679558972502,0,0,115.71014492753623,984.5633090082882,PIK3CA;TEK,3,25
Reactome_2022,Regulation Of Signaling By CBL R-HSA-912631,2/18,0.0002267055108576553,0.0022919712756965,0,0,108.47282608695652,910.288628412586,PIK3CA;PIK3R3,3,25
Reactome_2022,Signaling By KIT In Disease R-HSA-9669938,2/19,0.00025318287347810177,0.0022919712756965,0,0,102.08695652173913,845.4227696575183,PIK3CA;PIK3R3,3,25
Reactome_2022,Signaling By PDGFR In Disease R-HSA-9671555,2/19,0.00025318287347810177,0.0022919712756965,0,0,102.08695652173913,845.4227696575183,PDGFRA;PIK3CA,3,25
Reactome_2022,RAF/MAP Kinase Cascade R-HSA-5673001,4/271,0.0003332490221752955,0.0028659415907075,0,0,14.059568396647048,112.56962901136308,PDGFRA;PIK3CA;ERBB2;TEK,3,25
Reactome_2022,MAPK1/MAPK3 Signaling R-HSA-5684996,4/277,0.00036209944072773,0.0029196765814359,0,0,13.74638060352346,108.92070705879682,PDGFRA;PIK3CA;ERBB2;TEK,3,25
Reactome_2022,CD28 Dependent PI3K/Akt Signaling R-HSA-389357,2/23,0.0003734470046022705,0.0029196765814359,0,0,82.62525879917185,652.1392267357223,PIK3CA;PIK3R3,3,25
Reactome_2022,Signaling By ERBB2 KD Mutants R-HSA-9664565,2/24,0.0004070850063970531,0.0030442878739257,0,0,78.86561264822134,615.663500818195,PIK3CA;ERBB2,3,25
Reactome_2022,Signaling By ERBB2 In Cancer R-HSA-1227990,2/25,0.00044214513463833565,0.0031687067982414,0,0,75.43289224952741,582.6340323012631,PIK3CA;ERBB2,3,25
Reactome_2022,Interleukin Receptor SHC Signaling R-HSA-912526,2/27,0.0005165184917147076,0.0035536472229971,0,0,69.3913043478261,525.1811109155249,PIK3CA;PIK3R3,3,25
Reactome_2022,Downstream Signal Transduction R-HSA-186763,2/28,0.0005558250949695229,0.003676996782106,0,0,66.7190635451505,500.0631769582249,PDGFRA;PIK3CA,3,25
Reactome_2022,Downregulation Of ERBB2 Signaling R-HSA-8863795,2/29,0.0005965405735475059,0.0037430287027731,0,0,64.24476650563606,476.9764866217298,ERBB2;MATK,3,25
Reactome_2022,MAPK Family Signaling Cascades R-HSA-5683057,4/318,0.0006093302539398179,0.0037430287027731,0,0,11.926599939338791,88.29441011011174,PDGFRA;PIK3CA;ERBB2;TEK,3,25
Reactome_2022,Downstream Signaling Of Activated FGFR1 R-HSA-5654687,2/30,0.0006386616282018391,0.0037879241396798,0,0,61.9472049689441,455.6920507677008,PIK3CA;FLRT1,3,25
Reactome_2022,GPVI-mediated Activation Cascade R-HSA-114604,2/32,0.0007271072968375054,0.0041687485018683,0,0,57.81159420289855,417.7718146342518,PIK3CA;PIK3R3,3,25
Reactome_2022,CD28 Co-Stimulation R-HSA-389356,2/34,0.0008211358169873277,0.0045559793716716,0,0,54.192934782608695,385.0311571015381,PIK3CA;PIK3R3,3,25
Reactome_2022,RET Signaling R-HSA-8853659,2/40,0.0011364569536468,0.0061084561258519,0,0,45.62242562929062,309.3127366723546,PIK3CA;PIK3R3,3,25
Reactome_2022,Interleukin-2 Family Signaling R-HSA-451927,2/44,0.0013741073416157,0.0069513665517031,0,0,41.26915113871635,271.9616823625152,PIK3CA;PIK3R3,3,25
Reactome_2022,"Interleukin-3, Interleukin-5 And GM-CSF Signaling R-HSA-512988",2/44,0.0013741073416157,0.0069513665517031,0,0,41.26915113871635,271.9616823625152,PIK3CA;PIK3R3,3,25
Reactome_2022,Signaling By FGFR1 R-HSA-5654736,2/49,0.0017016730877234,0.0082269649373579,0,0,36.869565217391305,235.0856328071935,PIK3CA;FLRT1,3,25
Reactome_2022,Developmental Biology R-HSA-1266738,6/1073,0.0017262605833842,0.0082269649373579,0,0,5.596014403393676,35.600711686066695,PIK3CA;ERBB2;PIK3R3;PKP4;CTNNA2;PIP5K1C,3,25
Reactome_2022,Diseases Of Signal Transduction By Growth Factor Receptors And Second Messengers R-HSA-5663202,4/424,0.0017697540853618,0.0082269649373579,0,0,8.868480725623582,56.19880567176528,PDGFRA;PIK3CA;ERBB2;PIK3R3,3,25
Reactome_2022,Signaling By PDGF R-HSA-186797,2/52,0.001914326921873,0.0086648481726884,0,0,34.65217391304348,216.8667907992902,PDGFRA;PIK3CA,3,25
Reactome_2022,Phospholipid Metabolism R-HSA-1483257,3/208,0.0021539026493579,0.0093999295835736,0,0,13.150776053215075,80.75199707418692,PIK3CA;PIK3R3;PIP5K1C,3,25
Reactome_2022,Signaling By Interleukins R-HSA-449147,4/453,0.0022523340781748,0.0093999295835736,0,0,8.283381058436738,50.49373678035897,CSF1R;PIK3CA;IL20RA;PIK3R3,3,25
Reactome_2022,G Alpha (Q) Signaling Events R-HSA-416476,3/212,0.0022737041111089,0.0093999295835736,0,0,12.896476729012614,78.49240679092375,RGS17;PIK3CA;PIK3R3,3,25
Reactome_2022,Signaling By ERBB4 R-HSA-1236394,2/57,0.0022953316425005,0.0093999295835736,0,0,31.49407114624506,191.3856261696762,PIK3CA;ADAP1,3,25
Reactome_2022,Signaling By MET R-HSA-6806834,2/63,0.0027959111229246,0.0111836444916984,0,0,28.38774055595153,166.90848108900067,PIK3CA;TNS3,3,25
Reactome_2022,Semaphorin Interactions R-HSA-373755,2/64,0.0028838973905792,0.0112734170722641,0,0,27.928471248246844,163.34280993179652,ERBB2;PIP5K1C,3,25
Reactome_2022,Costimulation By CD28 Family R-HSA-388841,2/68,0.0032487464098998,0.012417430722284,0,0,26.23056653491436,150.2876657557229,PIK3CA;PIK3R3,3,25
Reactome_2022,Axon Guidance R-HSA-422475,4/519,0.0036771130970752,0.0136634221103886,0,0,7.197411003236246,40.34600374696888,PIK3CA;ERBB2;PIK3R3;PIP5K1C,3,25
Reactome_2022,Extra-nuclear Estrogen Signaling R-HSA-9009391,2/73,0.0037336095301643,0.0136634221103886,0,0,24.377219840783837,136.27791764114787,PIK3CA;PIK3R3,3,25
Reactome_2022,Nervous System Development R-HSA-9675108,4/545,0.0043767823309587,0.0156834700192687,0,0,6.842355426458939,37.16385289395389,PIK3CA;ERBB2;PIK3R3;PIP5K1C,3,25
Reactome_2022,Signaling By FGFR R-HSA-190236,2/86,0.0051413941977667,0.0180473428982834,0,0,20.591097308488614,108.5239574055768,PIK3CA;FLRT1,3,25
Reactome_2022,RAC2 GTPase Cycle R-HSA-9013404,2/87,0.0052583540705825,0.0180887380028038,0,0,20.347826086956523,106.7841137770412,PIK3CA;PIK3R3,3,25
Reactome_2022,MET Interacts With TNS Proteins R-HSA-8875513,1/5,0.0062349390704731,0.0206232600023342,0,0,208.03125,1056.2966607689368,TNS3,3,25
Reactome_2022,GRB7 Events In ERBB2 Signaling R-HSA-1306955,1/5,0.0062349390704731,0.0206232600023342,0,0,208.03125,1056.2966607689368,ERBB2,3,25
Reactome_2022,Activated NTRK2 Signals Thru PI3K R-HSA-9028335,1/6,0.007477446810139,0.0233840154789803,0,0,166.41666666666666,814.7533474976135,PIK3CA,3,25
Reactome_2022,Activated NTRK3 Signals Thru PI3K R-HSA-9603381,1/6,0.007477446810139,0.0233840154789803,0,0,166.41666666666666,814.7533474976135,PIK3CA,3,25
Reactome_2022,MET Activates PI3K/AKT Signaling R-HSA-8851907,1/6,0.007477446810139,0.0233840154789803,0,0,166.41666666666666,814.7533474976135,PIK3CA,3,25
Reactome_2022,Phosphate Bond Hydrolysis By NUDT Proteins R-HSA-2393930,1/7,0.0087184638276748,0.0267781388992869,0,0,138.67361111111111,657.6335609979999,NUDT5,3,25
Reactome_2022,Cytokine Signaling In Immune System R-HSA-1280215,4/702,0.0105820494459866,0.0319317983282404,0,0,5.260472097148315,23.927763190664148,CSF1R;PIK3CA;IL20RA;PIK3R3,3,25
Reactome_2022,PI3K/AKT Activation R-HSA-198203,1/9,0.0111960320481715,0.0332020260738879,0,0,103.99479166666669,467.1649710127919,PIK3CA,3,25
Reactome_2022,Cell Surface Interactions At Vascular Wall R-HSA-202733,2/134,0.0120846756858911,0.0339429345865524,0,0,13.071805006587615,57.72270009260314,PIK3CA;TEK,3,25
Reactome_2022,PI3K Events In ERBB4 Signaling R-HSA-1250342,1/10,0.0124325865055395,0.0339429345865524,0,0,92.4351851851852,405.55330287566494,PIK3CA,3,25
Reactome_2022,Constitutive Signaling By Overexpressed ERBB2 R-HSA-9634285,1/10,0.0124325865055395,0.0339429345865524,0,0,92.4351851851852,405.55330287566494,ERBB2,3,25
Reactome_2022,Signaling By FGFR4 In Disease R-HSA-5655291,1/10,0.0124325865055395,0.0339429345865524,0,0,92.4351851851852,405.55330287566494,PIK3CA,3,25
Reactome_2022,Zinc Influx Into Cells By SLC39 Gene Family R-HSA-442380,1/10,0.0124325865055395,0.0339429345865524,0,0,92.4351851851852,405.55330287566494,SLC39A7,3,25
Reactome_2022,Erythropoietin Activates Phosphoinositide-3-kinase (PI3K) R-HSA-9027276,1/12,0.0149012443701484,0.0400470942447739,0,0,75.62121212121212,318.08630270790064,PIK3CA,3,25
Reactome_2022,TFAP2 (AP-2) Family Regulates Transcription Of Growth Factors And Their Receptors R-HSA-8866910,1/13,0.016133351108423,0.0414169610544591,0,0,69.31597222222223,286.05777422638903,ERBB2,3,25
Reactome_2022,Downregulation Of ERBB2:ERBB3 Signaling R-HSA-1358803,1/13,0.016133351108423,0.0414169610544591,0,0,69.31597222222223,286.05777422638903,ERBB2,3,25
Reactome_2022,ERBB2 Activates PTK6 Signaling R-HSA-8847993,1/13,0.016133351108423,0.0414169610544591,0,0,69.31597222222223,286.05777422638903,ERBB2,3,25
Reactome_2022,RHO GTPase Cycle R-HSA-9012999,3/441,0.017086069801061,0.0420648496034761,0,0,6.082503113325031,24.752696415314624,PIK3CA;PIK3R3;PKP4,3,25
Reactome_2022,Constitutive Signaling By EGFRvIII R-HSA-5637810,1/14,0.0173639786153884,0.0420648496034761,0,0,63.98076923076923,259.3369252570107,PIK3CA,3,25
Reactome_2022,Role Of LAT2/NTAL/LAB On Calcium Mobilization R-HSA-2730905,1/14,0.0173639786153884,0.0420648496034761,0,0,63.98076923076923,259.3369252570107,PIK3CA,3,25
Reactome_2022,SEMA3A-Plexin Repulsion Signaling By Inhibiting Integrin Adhesion R-HSA-399955,1/14,0.0173639786153884,0.0420648496034761,0,0,63.98076923076923,259.3369252570107,PIP5K1C,3,25
Reactome_2022,GRB2 Events In ERBB2 Signaling R-HSA-1963640,1/15,0.0185931285667873,0.0432164609930732,0,0,59.407738095238095,236.7376500104764,ERBB2,3,25
Reactome_2022,ERBB2 Regulates Cell Motility R-HSA-6785631,1/15,0.0185931285667873,0.0432164609930732,0,0,59.407738095238095,236.7376500104764,ERBB2,3,25
Reactome_2022,Signaling By FLT3 ITD And TKD Mutants R-HSA-9703648,1/15,0.0185931285667873,0.0432164609930732,0,0,59.407738095238095,236.7376500104764,PIK3CA,3,25
Reactome_2022,Signaling By NTRK3 (TRKC) R-HSA-9034015,1/16,0.0198208026407264,0.0452510554158166,0,0,55.44444444444444,217.3989559937,PIK3CA,3,25
Reactome_2022,RAC1 GTPase Cycle R-HSA-9013149,2/178,0.0206610284766727,0.0452510554158166,0,0,9.78211462450593,37.94977272543968,PIK3CA;PIK3R3,3,25
Reactome_2022,GAB1 Signalosome R-HSA-180292,1/17,0.0210470025189844,0.0452510554158166,0,0,51.9765625,200.68135849118187,PIK3CA,3,25
Reactome_2022,Purine Catabolism R-HSA-74259,1/17,0.0210470025189844,0.0452510554158166,0,0,51.9765625,200.68135849118187,NUDT5,3,25
Reactome_2022,Zinc Transporters R-HSA-435354,1/17,0.0210470025189844,0.0452510554158166,0,0,51.9765625,200.68135849118187,SLC39A7,3,25
Reactome_2022,Signaling By Cytosolic FGFR1 Fusion Mutants R-HSA-1839117,1/17,0.0210470025189844,0.0452510554158166,0,0,51.9765625,200.68135849118187,PIK3CA,3,25
Reactome_2022,PI-3K cascade:FGFR3 R-HSA-5654710,1/18,0.0222717298790694,0.0461534643277101,0,0,48.91666666666666,186.10038260880103,PIK3CA,3,25
Reactome_2022,Constitutive Signaling By Ligand-Responsive EGFR Cancer Variants R-HSA-1236382,1/18,0.0222717298790694,0.0461534643277101,0,0,48.91666666666666,186.10038260880103,PIK3CA,3,25
Reactome_2022,Signaling By FLT3 Fusion Proteins R-HSA-9703465,1/18,0.0222717298790694,0.0461534643277101,0,0,48.91666666666666,186.10038260880103,PIK3CA,3,25
Reactome_2022,ESR-mediated Signaling R-HSA-8939211,2/188,0.0228804092377428,0.0468503617725211,0,0,9.251519401589528,34.94737609422492,PIK3CA;PIK3R3,3,25
Reactome_2022,PI-3K cascade:FGFR4 R-HSA-5654720,1/20,0.0247167737784927,0.0494335475569854,0,0,43.76315789473684,161.93563879493826,PIK3CA,3,25
Reactome_2022,Sema4D Induced Cell Migration And Growth-Cone Collapse R-HSA-416572,1/20,0.0247167737784927,0.0494335475569854,0,0,43.76315789473684,161.93563879493826,ERBB2,3,25
Reactome_2022,PI-3K cascade:FGFR1 R-HSA-5654689,1/21,0.0259370936730085,0.0495686679084163,0,0,41.57291666666666,151.8276651730302,PIK3CA,3,25
Reactome_2022,SHC1 Events In ERBB2 Signaling R-HSA-1250196,1/21,0.0259370936730085,0.0495686679084163,0,0,41.57291666666666,151.8276651730302,ERBB2,3,25
Reactome_2022,Signaling By ERBB2 TMD/JMD Mutants R-HSA-9665686,1/21,0.0259370936730085,0.0495686679084163,0,0,41.57291666666666,151.8276651730302,ERBB2,3,25
Reactome_2022,Signaling By FGFR3 In Disease R-HSA-5655332,1/21,0.0259370936730085,0.0495686679084163,0,0,41.57291666666666,151.8276651730302,PIK3CA,3,25
