Gene_set,Term,Overlap,P-value,Adjusted P-value,Old P-value,Old Adjusted P-value,Odds Ratio,Combined Score,Genes,module,n_genes_in_module
KEGG_2021_Human,C-type lectin receptor signaling pathway,9/104,1.4411260897000154e-09,2.056798023728507e-07,0,0,22.080371517027864,449.508693055436,CASP8;MRAS;PIK3CA;RRAS;MDM2;AKT1;RRAS2;KRAS;LSP1,0,94
KEGG_2021_Human,mTOR signaling pathway,10/154,2.8369627913496646e-09,2.056798023728507e-07,0,0,16.337632275132275,321.53329147349274,FLCN;STK11;PIK3CA;CAB39;CAB39L;STRADA;STRADB;PTEN;AKT1;KRAS,0,94
KEGG_2021_Human,MAPK signaling pathway,12/294,1.3281542609615444e-08,6.419412261314131e-07,0,0,10.183705241307733,184.70074724590677,MAP4K2;MRAS;MAP3K1;RRAS;ERBB2;NF1;AKT1;RRAS2;KRAS;MAPK8IP3;MAP4K3;FGFR2,0,94
KEGG_2021_Human,Central carbon metabolism in cancer,7/70,3.803267102463689e-08,1.237771943282765e-06,0,0,25.34227330779055,432.9681850211753,RET;PIK3CA;ERBB2;PTEN;AKT1;KRAS;FGFR2,0,94
KEGG_2021_Human,Melanoma,7/72,4.638162333734214e-08,1.237771943282765e-06,0,0,24.56003536693192,414.7296603398256,PIK3CA;CDH1;CDKN2A;PTEN;MDM2;AKT1;KRAS,0,94
KEGG_2021_Human,Cellular senescence,9/156,5.1218149377217865e-08,1.237771943282765e-06,0,0,14.23217286914766,238.91793228970508,MRAS;PIK3CA;RRAS;CDKN2A;PTEN;MDM2;AKT1;RRAS2;KRAS,0,94
KEGG_2021_Human,Autophagy,8/137,2.6769611065300535e-07,5.525360410565288e-06,0,0,14.261402559942312,215.82370082131044,STK11;MRAS;PIK3CA;RRAS;PTEN;AKT1;RRAS2;KRAS,0,94
KEGG_2021_Human,Endometrial cancer,6/58,3.0484747092774e-07,5.525360410565288e-06,0,0,26.032342657342657,390.57506288018703,PIK3CA;CDH1;ERBB2;PTEN;AKT1;KRAS,0,94
KEGG_2021_Human,Prostate cancer,7/97,3.6773867851231115e-07,5.924678709365011e-06,0,0,17.7154533844189,262.4702664627591,PIK3CA;ERBB2;PTEN;MDM2;AKT1;KRAS;FGFR2,0,94
KEGG_2021_Human,Non-small cell lung cancer,6/72,1.1162405950735714e-06,1.6185488628566785e-05,0,0,20.49586776859504,280.90702019039554,RET;PIK3CA;CDKN2A;ERBB2;AKT1;KRAS,0,94
KEGG_2021_Human,Bladder cancer,5/41,1.3501713127940226e-06,1.7187663675952377e-05,0,0,31.00811485642946,419.0833258804656,CDH1;CDKN2A;ERBB2;MDM2;KRAS,0,94
KEGG_2021_Human,Glioma,6/75,1.4224273386995071e-06,1.7187663675952377e-05,0,0,19.60177865612648,263.90160305079155,PIK3CA;CDKN2A;PTEN;MDM2;AKT1;KRAS,0,94
KEGG_2021_Human,AMPK signaling pathway,7/120,1.5601443116802835e-06,1.7401609630280087e-05,0,0,14.093276370664226,188.43742464477975,STK11;PIK3CA;CAB39;CAB39L;STRADA;STRADB;AKT1,0,94
KEGG_2021_Human,Proteoglycans in cancer,8/205,5.5625088214049176e-06,5.761169850740808e-05,0,0,9.306575374808167,112.60454881199064,MRAS;PIK3CA;RRAS;ERBB2;MDM2;AKT1;RRAS2;KRAS,0,94
KEGG_2021_Human,Ras signaling pathway,8/232,1.3720137801703964e-05,0.00013262799874980496,0,0,8.17358803986711,91.51677094834228,MRAS;PIK3CA;RRAS;NF1;AKT1;RRAS2;KRAS;FGFR2,0,94
KEGG_2021_Human,Chronic myeloid leukemia,5/76,2.9240448352937182e-05,0.0002494038241868172,0,0,15.694730178825765,163.8523174479797,PIK3CA;CDKN2A;MDM2;AKT1;KRAS,0,94
KEGG_2021_Human,Pancreatic cancer,5/76,2.9240448352937182e-05,0.0002494038241868172,0,0,15.694730178825765,163.8523174479797,PIK3CA;CDKN2A;ERBB2;AKT1;KRAS,0,94
KEGG_2021_Human,FoxO signaling pathway,6/131,3.575603673627848e-05,0.00028803474037557666,0,0,10.789636363636363,110.47283647657122,STK11;PIK3CA;PTEN;MDM2;AKT1;KRAS,0,94
KEGG_2021_Human,Pathways in cancer,11/531,3.934029693660223e-05,0.000300228581884596,0,0,4.94082483781279,50.11607685893338,RET;CASP8;PIK3CA;CDH1;CDKN2A;ERBB2;PTEN;MDM2;AKT1;KRAS;FGFR2,0,94
KEGG_2021_Human,Apelin signaling pathway,6/137,4.597126292093385e-05,0.0003332916561767704,0,0,10.29233171408744,102.79460202065384,MRAS;RRAS;CDH1;AKT1;RRAS2;KRAS,0,94
KEGG_2021_Human,Rap1 signaling pathway,7/210,6.016567553388073e-05,0.00041542966440060494,0,0,7.809353943717796,75.89449207503608,MRAS;PIK3CA;RRAS;CDH1;AKT1;KRAS;FGFR2,0,94
KEGG_2021_Human,Phospholipase D signaling pathway,6/148,7.069766226504435e-05,0.0004626616534821928,0,0,9.489756722151087,90.69453547531434,MRAS;PIK3CA;RRAS;AKT1;RRAS2;KRAS,0,94
KEGG_2021_Human,Gastric cancer,6/149,7.338771055234782e-05,0.0004626616534821928,0,0,9.422917991099808,89.70386187376356,PIK3CA;CDH1;ERBB2;AKT1;KRAS;FGFR2,0,94
KEGG_2021_Human,Human T-cell leukemia virus 1 infection,7/219,7.832522357300514e-05,0.0004732148924202394,0,0,7.474409021904142,70.6678529929482,MAP3K1;MSX2;PIK3CA;CDKN2A;PTEN;AKT1;KRAS,0,94
KEGG_2021_Human,Tight junction,6/169,0.00014672352996758715,0.0008509964738120054,0,0,8.258365867261572,72.89626922668849,EPB41L4B;STK11;MAP3K1;ERBB2;ARHGEF18;NF2,0,94
KEGG_2021_Human,PI3K-Akt signaling pathway,8/354,0.00026388258189761414,0.0014716528605828,0,0,5.258771340233903,43.33230907525389,STK11;PIK3CA;ERBB2;PTEN;MDM2;AKT1;KRAS;FGFR2,0,94
KEGG_2021_Human,Mitophagy,4/68,0.0002960449844236124,0.0015898712126453,0,0,13.779166666666669,111.9557173273732,MRAS;RRAS;RRAS2;KRAS,0,94
KEGG_2021_Human,Renal cell carcinoma,4/69,0.0003131399210236169,0.001621617448158,0,0,13.566495726495727,109.4661606130364,FLCN;PIK3CA;AKT1;KRAS,0,94
KEGG_2021_Human,p53 signaling pathway,4/73,0.0003886469341347282,0.0019432346706736,0,0,12.777455716586152,100.33930577680307,CASP8;CDKN2A;PTEN;MDM2,0,94
KEGG_2021_Human,Apoptosis,5/142,0.0005559120678122281,0.0026851256055494,0,0,8.106700565898466,60.75891353808402,CASP8;PARP1;PIK3CA;AKT1;KRAS,0,94
KEGG_2021_Human,Regulation of actin cytoskeleton,6/218,0.0005740613363588526,0.0026851256055494,0,0,6.333833619210978,47.267970814637,MRAS;PIK3CA;RRAS;RRAS2;KRAS;FGFR2,0,94
KEGG_2021_Human,Breast cancer,5/147,0.0006504647904204,0.0028824350135673,0,0,7.819275201772433,57.37646045609359,PIK3CA;ERBB2;PTEN;AKT1;KRAS,0,94
KEGG_2021_Human,Human cytomegalovirus infection,6/225,0.0006774489430574362,0.0028824350135673,0,0,6.12920298879203,44.72587520970424,CASP8;PIK3CA;CDKN2A;MDM2;AKT1;KRAS,0,94
KEGG_2021_Human,ErbB signaling pathway,4/85,0.0006926227437432815,0.0028824350135673,0,0,10.877914951989029,79.1371041844022,PIK3CA;ERBB2;AKT1;KRAS,0,94
KEGG_2021_Human,Thyroid cancer,3/37,0.0006957601756886706,0.0028824350135673,0,0,19.26826115061409,140.08999929082586,RET;CDH1;KRAS,0,94
KEGG_2021_Human,PD-L1 expression and PD-1 checkpoint pathway in cancer,4/89,0.0008233616499937331,0.0033163177569192,0,0,10.36392156862745,73.60576308940142,PIK3CA;PTEN;AKT1;KRAS,0,94
KEGG_2021_Human,Hepatitis B,5/162,0.0010070525892166,0.0039465574442272,0,0,7.066843197595363,48.76635878872921,CASP8;MAP3K1;PIK3CA;AKT1;KRAS,0,94
KEGG_2021_Human,Hepatocellular carcinoma,5/168,0.0011842046542157,0.0045186756542443,0,0,6.80464603294961,45.85435871923847,PIK3CA;CDKN2A;PTEN;AKT1;KRAS,0,94
KEGG_2021_Human,Longevity regulating pathway,4/102,0.0013680668170993,0.0050864022687028,0,0,8.983219954648526,59.23855595947596,STK11;PIK3CA;AKT1;KRAS,0,94
KEGG_2021_Human,Sphingolipid signaling pathway,4/119,0.0024061511751791,0.0083069504857374,0,0,7.648695652173913,46.1195453947429,PIK3CA;PTEN;AKT1;KRAS,0,94
KEGG_2021_Human,"Growth hormone synthesis, secretion and action",4/119,0.0024061511751791,0.0083069504857374,0,0,7.648695652173913,46.1195453947429,MAP3K1;PIK3CA;AKT1;KRAS,0,94
KEGG_2021_Human,Neurotrophin signaling pathway,4/119,0.0024061511751791,0.0083069504857374,0,0,7.648695652173913,46.1195453947429,MAP3K1;PIK3CA;AKT1;KRAS,0,94
KEGG_2021_Human,Thyroid hormone signaling pathway,4/121,0.0025559668473658,0.0086189579736757,0,0,7.51718898385565,44.87254197411019,PIK3CA;MDM2;AKT1;KRAS,0,94
KEGG_2021_Human,VEGF signaling pathway,3/59,0.0027018527359435,0.0087358535982233,0,0,11.68563579277865,69.10671795011497,PIK3CA;AKT1;KRAS,0,94
KEGG_2021_Human,Viral carcinogenesis,5/203,0.0027111269787589,0.0087358535982233,0,0,5.5918737941209855,33.05015982576127,CASP8;PIK3CA;CDKN2A;MDM2;KRAS,0,94
KEGG_2021_Human,GnRH secretion,3/64,0.0034047053494091,0.0106021922970757,0,0,10.725094577553596,60.94638896058672,PIK3CA;AKT1;KRAS,0,94
KEGG_2021_Human,MicroRNAs in cancer,6/310,0.0034365726756038,0.0106021922970757,0,0,4.396381578947368,24.94190640768185,PIK3CA;CDKN2A;ERBB2;PTEN;MDM2;KRAS,0,94
KEGG_2021_Human,Acute myeloid leukemia,3/67,0.0038752460334452,0.0117064723926991,0,0,10.22081043956044,56.75765389386097,PIK3CA;AKT1;KRAS,0,94
KEGG_2021_Human,Fc epsilon RI signaling pathway,3/68,0.0040404405499248,0.0119564057089613,0,0,10.06306001690617,55.46156453409548,PIK3CA;AKT1;KRAS,0,94
KEGG_2021_Human,Prolactin signaling pathway,3/70,0.0043835481286768,0.0127122895731627,0,0,9.761686075118911,53.00494805497955,PIK3CA;AKT1;KRAS,0,94
KEGG_2021_Human,Signaling pathways regulating pluripotency of stem cells,4/143,0.0046471714736661,0.0131727847786741,0,0,6.320383693045564,33.94991907354449,PIK3CA;AKT1;KRAS;FGFR2,0,94
KEGG_2021_Human,Human papillomavirus infection,6/331,0.0047240331620072,0.0131727847786741,0,0,4.107902097902098,21.99819514327368,CASP8;PIK3CA;PTEN;MDM2;AKT1;KRAS,0,94
KEGG_2021_Human,Hepatitis C,4/157,0.0064497832536405,0.0174007500032147,0,0,5.737981118373275,28.940705590288594,CASP8;PIK3CA;AKT1;KRAS,0,94
KEGG_2021_Human,B cell receptor signaling pathway,3/81,0.0065837145589039,0.0174007500032147,0,0,8.380388841927303,42.096001920824406,PIK3CA;AKT1;KRAS,0,94
KEGG_2021_Human,Glycosylphosphatidylinositol (GPI)-anchor biosynthesis,2/26,0.0066002844839779,0.0174007500032147,0,0,18.009057971014492,90.41704232490788,PIGM;PIGX,0,94
KEGG_2021_Human,Colorectal cancer,3/86,0.0077653156697834,0.0201066209306893,0,0,7.873560174764994,38.2504495432172,PIK3CA;AKT1;KRAS,0,94
KEGG_2021_Human,Small cell lung cancer,3/92,0.0093384873666502,0.0237558011958645,0,0,7.340535868625756,34.30680912304263,PIK3CA;PTEN;AKT1,0,94
KEGG_2021_Human,Choline metabolism in cancer,3/98,0.0110847852040572,0.027711963010143,0,0,6.874840948525159,30.95178388759313,PIK3CA;AKT1;KRAS,0,94
KEGG_2021_Human,AGE-RAGE signaling pathway in diabetic complications,3/100,0.0117059445280262,0.0282893659427301,0,0,6.732411917978928,29.943469004228515,PIK3CA;AKT1;KRAS,0,94
KEGG_2021_Human,Progesterone-mediated oocyte maturation,3/100,0.0117059445280262,0.0282893659427301,0,0,6.732411917978928,29.943469004228515,PIK3CA;AKT1;KRAS,0,94
KEGG_2021_Human,Chagas disease,3/102,0.0123468147388916,0.0291799799134848,0,0,6.595737595737596,28.98402676264153,CASP8;PIK3CA;AKT1,0,94
KEGG_2021_Human,T cell receptor signaling pathway,3/104,0.0130074918246096,0.0291799799134848,0,0,6.464476117941464,28.07024079748959,PIK3CA;AKT1;KRAS,0,94
KEGG_2021_Human,Toll-like receptor signaling pathway,3/104,0.0130074918246096,0.0291799799134848,0,0,6.464476117941464,28.07024079748959,CASP8;PIK3CA;AKT1,0,94
KEGG_2021_Human,Kaposi sarcoma-associated herpesvirus infection,4/193,0.0130644415629218,0.0291799799134848,0,0,4.636566725455614,20.112782546752232,CASP8;PIK3CA;AKT1;KRAS,0,94
KEGG_2021_Human,Aldosterone-regulated sodium reabsorption,2/37,0.0130806806508724,0.0291799799134848,0,0,12.34223602484472,53.52357397384211,PIK3CA;KRAS,0,94
KEGG_2021_Human,Insulin resistance,3/108,0.0143886102814093,0.0316113407697629,0,0,6.216954474097332,26.368083017799812,PIK3CA;PTEN;AKT1,0,94
KEGG_2021_Human,HIF-1 signaling pathway,3/109,0.0147463969835594,0.0319017550502477,0,0,6.157992950445781,25.966756790503847,PIK3CA;ERBB2;AKT1,0,94
KEGG_2021_Human,Focal adhesion,4/201,0.0149608230580471,0.0319017550502477,0,0,4.446474901297236,18.6855116998099,PIK3CA;ERBB2;PTEN;AKT1,0,94
KEGG_2021_Human,Epstein-Barr virus infection,4/202,0.015209445219638,0.0319618776354713,0,0,4.423793490460157,18.51728576352671,CASP8;PIK3CA;MDM2;AKT1,0,94
KEGG_2021_Human,Diabetic cardiomyopathy,4/203,0.0154606682118396,0.0320256698673821,0,0,4.401340033500838,18.35119367575024,PARP1;PIK3CA;PTEN;AKT1,0,94
KEGG_2021_Human,TNF signaling pathway,3/112,0.0158499091285711,0.0323695327273635,0,0,5.987599556406896,24.816154298071133,CASP8;PIK3CA;AKT1,0,94
KEGG_2021_Human,Cholinergic synapse,3/113,0.0162278218184324,0.0326810300510097,0,0,5.932867132867133,24.449512248697037,PIK3CA;AKT1;KRAS,0,94
KEGG_2021_Human,Human immunodeficiency virus 1 infection,4/212,0.0178400433653924,0.0354357025750945,0,0,4.208974358974359,16.94663437713683,CASP8;PIK3CA;AKT1;KRAS,0,94
KEGG_2021_Human,Lipid and atherosclerosis,4/215,0.0186811129772189,0.0366048835364424,0,0,4.148499210110584,16.512031899597922,CASP8;PIK3CA;AKT1;KRAS,0,94
KEGG_2021_Human,cAMP signaling pathway,4/216,0.0189668595176198,0.0366692617340649,0,0,4.128721174004193,16.370635677917264,PIK3CA;RRAS;AKT1;RRAS2,0,94
KEGG_2021_Human,Carbohydrate digestion and absorption,2/47,0.0205981683745742,0.0392991370304377,0,0,9.594685990338164,37.25187803675723,PIK3CA;AKT1,0,94
KEGG_2021_Human,Relaxin signaling pathway,3/129,0.0229641510378868,0.0432441805258908,0,0,5.175300889586604,19.53065881378396,PIK3CA;AKT1;KRAS,0,94
KEGG_2021_Human,Estrogen signaling pathway,3/137,0.0268209417325327,0.0492283107749019,0,0,4.864359521075939,17.602036565118887,PIK3CA;AKT1;KRAS,0,94
KEGG_2021_Human,Insulin signaling pathway,3/137,0.0268209417325327,0.0492283107749019,0,0,4.864359521075939,17.602036565118887,PIK3CA;AKT1;KRAS,0,94
KEGG_2021_Human,Regulation of lipolysis in adipocytes,2/55,0.0276211191560954,0.0498298852811212,0,0,8.143150123051681,29.22718768377018,PIK3CA;AKT1,0,94
KEGG_2021_Human,Measles,3/139,0.027836004881178,0.0498298852811212,0,0,4.792340012928248,17.16340612302813,CASP8;PIK3CA;AKT1,0,94
KEGG_2021_Human,Salmonella infection,4/249,0.0299493374275132,0.0529591942315783,0,0,3.566621315192744,12.512592371432136,CASP8;PIK3CA;RRAS;AKT1,0,94
KEGG_2021_Human,Non-alcoholic fatty liver disease,3/155,0.036683987440569,0.0640864840829218,0,0,4.284412955465587,14.161762543512785,CASP8;PIK3CA;AKT1,0,94
KEGG_2021_Human,Necroptosis,3/159,0.0390962159826118,0.0674875156842704,0,0,4.173710904480135,13.530042158409826,ZBP1;CASP8;PARP1,0,94
KEGG_2021_Human,Adipocytokine signaling pathway,2/69,0.0418372531622458,0.0713694318650075,0,0,6.437053861129137,20.431003692887035,STK11;AKT1,0,94
KEGG_2021_Human,RIG-I-like receptor signaling pathway,2/70,0.0429388346025532,0.0723968722950026,0,0,6.342071611253197,19.964705883356597,CASP8;MAP3K1,0,94
KEGG_2021_Human,Adherens junction,2/71,0.0440512222830111,0.0734187038050185,0,0,6.249842470069313,19.514521749182094,CDH1;ERBB2,0,94
KEGG_2021_Human,Inositol phosphate metabolism,2/73,0.0463079232359266,0.0763028280591972,0,0,6.073178199632578,18.65948901493736,PIK3CA;PTEN,0,94
KEGG_2021_Human,Influenza A,3/172,0.0474785613278515,0.0773527122757132,0,0,3.850120293907276,11.733153082543376,CASP8;PIK3CA;AKT1,0,94
KEGG_2021_Human,Bacterial invasion of epithelial cells,2/77,0.0509456258908112,0.0820790639351959,0,0,5.748115942028986,17.112120316828403,PIK3CA;CDH1,0,94
KEGG_2021_Human,Tuberculosis,3/180,0.0530415976065693,0.084516831351127,0,0,3.674613522071149,10.79115967538686,CASP8;AKT1;LSP1,0,94
KEGG_2021_Human,Axon guidance,3/182,0.0544795663356051,0.085864533898508,0,0,3.63318804100927,10.57232134020225,PIK3CA;RRAS;KRAS,0,94
KEGG_2021_Human,Chemokine signaling pathway,3/192,0.0619470027725673,0.0965840365808845,0,0,3.439211582068725,9.566084658349787,PIK3CA;AKT1;KRAS,0,94
KEGG_2021_Human,GnRH signaling pathway,2/93,0.0710170931897754,0.1095476437501854,0,0,4.733635929288103,12.51968447662762,MAP3K1;KRAS,0,94
KEGG_2021_Human,Fc gamma R-mediated phagocytosis,2/97,0.0763795925242254,0.1153650095417988,0,0,4.533409610983981,11.660109641099526,PIK3CA;AKT1,0,94
KEGG_2021_Human,Phosphatidylinositol signaling system,2/97,0.0763795925242254,0.1153650095417988,0,0,4.533409610983981,11.660109641099526,PIK3CA;PTEN,0,94
KEGG_2021_Human,Alzheimer disease,4/369,0.0961057192502195,0.1436631885699158,0,0,2.379421613394216,5.573334595289555,CASP8;PIK3CA;AKT1;KRAS,0,94
KEGG_2021_Human,Toxoplasmosis,2/112,0.0975450513043502,0.1443268616237835,0,0,3.9122529644268775,9.1055377289263,CASP8;AKT1,0,94
KEGG_2021_Human,Chemical carcinogenesis,3/239,0.1028032117588933,0.1504623963657544,0,0,2.747718383311604,6.250890841994686,PIK3CA;AKT1;KRAS,0,94
KEGG_2021_Human,Calcium signaling pathway,3/240,0.1037671699074168,0.1504623963657544,0,0,2.735985533453888,6.198664256865532,RET;ERBB2;FGFR2,0,94
KEGG_2021_Human,Shigellosis,3/246,0.1096263029497512,0.1573842963139992,0,0,2.667616334283001,5.89724059016947,PIK3CA;MDM2;AKT1,0,94
KEGG_2021_Human,Cell cycle,2/124,0.1155198843328663,0.1626250798860739,0,0,3.5253029223093373,7.60870573405766,CDKN2A;MDM2,0,94
KEGG_2021_Human,Platelet activation,2/124,0.1155198843328663,0.1626250798860739,0,0,3.5253029223093373,7.60870573405766,PIK3CA;AKT1,0,94
KEGG_2021_Human,Osteoclast differentiation,2/127,0.1201384672892224,0.1675007476628581,0,0,3.4401739130434783,7.290107998197815,PIK3CA;AKT1,0,94
KEGG_2021_Human,Natural killer cell mediated cytotoxicity,2/131,0.1263669348725184,0.1745067195858587,0,0,3.332827772160432,6.894172289267867,PIK3CA;KRAS,0,94
KEGG_2021_Human,Yersinia infection,2/137,0.135850151533199,0.1858327544557911,0,0,3.1837359098228664,6.355382625728387,PIK3CA;AKT1,0,94
KEGG_2021_Human,Fluid shear stress and atherosclerosis,2/139,0.1390462451539203,0.188427154647836,0,0,3.136940653760711,6.189022991823528,PIK3CA;AKT1,0,94
KEGG_2021_Human,Ubiquitin mediated proteolysis,2/140,0.1406505227980997,0.1888363500530042,0,0,3.114051669817265,6.108140811357775,MAP3K1;MDM2,0,94
KEGG_2021_Human,Base excision repair,1/33,0.1440899550893096,0.1916792980545862,0,0,6.678091397849462,12.93758324031252,PARP1,0,94
KEGG_2021_Human,Spinocerebellar ataxia,2/143,0.1454874053191595,0.1917788524661648,0,0,3.047332716620413,5.874238929531274,PIK3CA;AKT1,0,94
KEGG_2021_Human,JAK-STAT signaling pathway,2/162,0.1768476968051394,0.2310172615922993,0,0,2.6828804347826085,4.648000173205375,PIK3CA;AKT1,0,94
KEGG_2021_Human,Hippo signaling pathway,2/163,0.1785279483274194,0.2311299331024626,0,0,2.6660815554955444,4.593685492215139,CDH1;NF2,0,94
KEGG_2021_Human,Type II diabetes mellitus,1/46,0.1950329123195931,0.2502634715605399,0,0,4.745758661887694,7.757355193343563,PIK3CA,0,94
KEGG_2021_Human,Neutrophil extracellular trap formation,2/189,0.2229358450352153,0.2835587502640897,0,0,2.2923738665426643,3.4405580061036805,PIK3CA;AKT1,0,94
KEGG_2021_Human,Legionellosis,1/57,0.2357868123601549,0.2972964155845431,0,0,3.811443932411674,5.506877939789336,CASP8,0,94
KEGG_2021_Human,Viral myocarditis,1/60,0.2465426828320222,0.3055443505183182,0,0,3.617094951704028,5.064729217695601,CASP8,0,94
KEGG_2021_Human,Long-term depression,1/60,0.2465426828320222,0.3055443505183182,0,0,3.617094951704028,5.064729217695601,KRAS,0,94
KEGG_2021_Human,Cytosolic DNA-sensing pathway,1/63,0.2571487583231091,0.3159878809902612,0,0,3.4415539368713146,4.673976244211671,ZBP1,0,94
KEGG_2021_Human,Long-term potentiation,1/67,0.2710607413291997,0.3302840965775963,0,0,3.2323232323232323,4.219514652028844,KRAS,0,94
KEGG_2021_Human,Endocytosis,2/252,0.3322944974268181,0.4015225177240719,0,0,1.7092173913043478,1.8831023370625133,MDM2;FGFR2,0,94
KEGG_2021_Human,Gap junction,1/88,0.3399770465510176,0.4074105103297318,0,0,2.449511803238166,2.6427223714548616,KRAS,0,94
KEGG_2021_Human,IL-17 signaling pathway,1/94,0.3584549612226246,0.426032535879349,0,0,2.290785061856862,2.350236106834253,CASP8,0,94
KEGG_2021_Human,Inflammatory mediator regulation of TRP channels,1/98,0.3704882767624049,0.4367544726060871,0,0,2.195876288659794,2.180359077073003,PIK3CA,0,94
KEGG_2021_Human,Melanogenesis,1/101,0.3793664642987649,0.4434659608925271,0,0,2.129677419354839,2.0641954116468115,KRAS,0,94
KEGG_2021_Human,Amoebiasis,1/102,0.3822982421487303,0.4434659608925271,0,0,2.1084850420525925,2.027422724538319,PIK3CA,0,94
KEGG_2021_Human,NF-kappa B signaling pathway,1/104,0.3881207532938546,0.4466468986318168,0,0,2.0673347948637644,1.956605796187279,PARP1,0,94
KEGG_2021_Human,Glucagon signaling pathway,1/107,0.3967528545440112,0.4529855425896191,0,0,2.008520998174072,1.856760615816072,AKT1,0,94
KEGG_2021_Human,Serotonergic synapse,1/113,0.4136572199521785,0.4644781480746718,0,0,1.900345622119816,1.6774685632988202,KRAS,0,94
KEGG_2021_Human,Herpes simplex virus 1 infection,3/498,0.4160226674724243,0.4644781480746718,0,0,1.2927738927738928,1.1337827821490212,CASP8;PIK3CA;AKT1,0,94
KEGG_2021_Human,Leukocyte transendothelial migration,1/114,0.4164286844807403,0.4644781480746718,0,0,1.883433247692454,1.6499629711192532,PIK3CA,0,94
KEGG_2021_Human,Dopaminergic synapse,1/132,0.4641557398387007,0.5137601700504703,0,0,1.6231634244438973,1.2458349611402808,AKT1,0,94
KEGG_2021_Human,Cell adhesion molecules,1/148,0.5033250717786192,0.5528949652113619,0,0,1.4453222149074685,0.9922412363226276,CDH1,0,94
KEGG_2021_Human,Adrenergic signaling in cardiomyocytes,1/150,0.5080175934086562,0.5538537672500387,0,0,1.4257775853359314,0.9655924702858366,AKT1,0,94
KEGG_2021_Human,Oxytocin signaling pathway,1/154,0.5172714405902054,0.5580436324089446,0,0,1.388221238316115,0.9150981043281484,KRAS,0,94
KEGG_2021_Human,Cushing syndrome,1/155,0.5195578646566036,0.5580436324089446,0,0,1.379136992040218,0.9030273054750364,CDKN2A,0,94
KEGG_2021_Human,cGMP-PKG signaling pathway,1/167,0.5461732356698675,0.5823170527362558,0,0,1.2786630392537894,0.7733597929475633,AKT1,0,94
KEGG_2021_Human,NOD-like receptor signaling pathway,1/181,0.5753853400916306,0.6089844840385871,0,0,1.1783751493428911,0.6513059812028366,CASP8,0,94
KEGG_2021_Human,Alcoholism,1/186,0.5853608156558825,0.6150530309427751,0,0,1.146236559139785,0.6138404458258389,KRAS,0,94
KEGG_2021_Human,Transcriptional misregulation in cancer,1/192,0.5970257237871581,0.6227966183391218,0,0,1.1098913471823453,0.5724764940992287,MDM2,0,94
KEGG_2021_Human,Pathogenic Escherichia coli infection,1/197,0.6064980075756552,0.6281586507033572,0,0,1.0813034891375906,0.5407099573227112,CASP8,0,94
KEGG_2021_Human,Pathways of neurodegeneration,2/475,0.6575145861892635,0.6761674822513702,0,0,0.8931427520911849,0.3744843337422461,CASP8;KRAS,0,94
KEGG_2021_Human,Thermogenesis,1/232,0.6669104850673752,0.6762379044389468,0,0,0.9158404319694642,0.3710064528691435,KRAS,0,94
KEGG_2021_Human,Coronavirus disease,1/232,0.6669104850673752,0.6762379044389468,0,0,0.9158404319694642,0.3710064528691435,PIK3CA,0,94
KEGG_2021_Human,Prion disease,1/273,0.7260934081749302,0.7311357235094783,0,0,0.7761701454775458,0.2484339097514097,PIK3CA,0,94
KEGG_2021_Human,Huntington disease,1/306,0.7660663515946587,0.7660663515946587,0,0,0.6910276749515247,0.1841495410502552,CASP8,0,94
Reactome_2022,MTOR Signaling R-HSA-165159,6/41,3.610797102241367e-08,1.487648406123443e-05,0,0,38.70974025974026,663.3592262492558,STK11;CAB39;CAB39L;STRADA;STRADB;AKT1,0,94
Reactome_2022,Signal Transduction R-HSA-162582,31/2465,1.382079723596253e-07,2.2027407584868672e-05,0,0,3.5321829635716244,55.78908585951631,RET;CAB39;CAB39L;PTEN;SPRED2;STK11;SPRED1;CASP8;ERBB2;AKT1;WDR6;PTPN18;PARP1;STRADA;STRADB;OMG;RRAS2;ARHGEF18;MEMO1;FRS3;SLC4A7;CCDC88A;MRAS;PIK3CA;ESRP2;ESRP1;NF1;MDM2;NF2;FGFR2;FRK,0,94
Reactome_2022,Signaling By FGFR R-HSA-190236,7/86,1.603937445500146e-07,2.2027407584868672e-05,0,0,20.193365342645134,315.938006233425,SPRED2;SPRED1;PIK3CA;ESRP2;ESRP1;FRS3;FGFR2,0,94
Reactome_2022,Energy Dependent Regulation Of mTOR By LKB1-AMPK R-HSA-380972,5/29,2.236903999687621e-07,2.3040111196782494e-05,0,0,46.54026217228464,712.6711688722971,STK11;CAB39;CAB39L;STRADA;STRADB,0,94
Reactome_2022,Diseases Of Signal Transduction By Growth Factor Receptors And Second Messengers R-HSA-5663202,12/424,7.018840201986797e-07,5.783524326437121e-05,0,0,6.924224484963296,98.1127826367392,SPRED2;SPRED1;MRAS;PIK3CA;ESRP1;ERBB2;PTEN;NF1;MDM2;AKT1;FRS3;FGFR2,0,94
Reactome_2022,RAS Signaling Downstream Of NF1 Loss-Of-Function Variants R-HSA-6802953,3/6,1.9902811494289e-06,0.00013666597226078445,0,0,218.7142857142857,2871.1137494601844,SPRED2;SPRED1;NF1,0,94
Reactome_2022,Signaling By ERBB2 R-HSA-1227986,5/49,3.335244219170576e-06,0.00019630294547118244,0,0,25.36006128702758,319.8148364668394,PTPN18;PIK3CA;ERBB2;AKT1;MEMO1,0,94
Reactome_2022,RAF/MAP Kinase Cascade R-HSA-5673001,9/271,5.250662246005243e-06,0.00027040910566927004,0,0,7.938751683879659,96.51264542267909,RET;SPRED2;SPRED1;MRAS;PIK3CA;ERBB2;NF1;FRS3;FGFR2,0,94
Reactome_2022,MAPK1/MAPK3 Signaling R-HSA-5684996,9/277,6.267402465707229e-06,0.00028690775731904204,0,0,7.758647936786655,92.94975497687015,RET;SPRED2;SPRED1;MRAS;PIK3CA;ERBB2;NF1;FRS3;FGFR2,0,94
Reactome_2022,PI3K/AKT Signaling In Cancer R-HSA-2219528,6/105,1.0153806854861448e-05,0.0004183368424202917,0,0,13.641184573002755,156.8417276339062,PIK3CA;ERBB2;PTEN;MDM2;AKT1;FGFR2,0,94
Reactome_2022,MAPK Family Signaling Cascades R-HSA-5683057,9/318,1.8867904675264607e-05,0.0007066887932917289,0,0,6.715134209023415,73.04755389569956,RET;SPRED2;SPRED1;MRAS;PIK3CA;ERBB2;NF1;FRS3;FGFR2,0,94
Reactome_2022,Signaling By Receptor Tyrosine Kinases R-HSA-9006934,11/496,2.1099487667016956e-05,0.0007068096440769862,0,0,5.306943236864986,57.13594024031434,SPRED2;PTPN18;SPRED1;PIK3CA;ESRP2;ESRP1;ERBB2;AKT1;MEMO1;FRS3;FGFR2,0,94
Reactome_2022,Signaling By FGFR2 R-HSA-5654738,5/72,2.2474695546858216e-05,0.0007068096440769862,0,0,16.635083011906758,178.04729840319186,PIK3CA;ESRP2;ESRP1;FRS3;FGFR2,0,94
Reactome_2022,Regulation Of TP53 Degradation R-HSA-6804757,4/36,2.401780343950924e-05,0.0007068096440769862,0,0,27.602777777777774,293.6028857480045,RNF34;CDKN2A;MDM2;AKT1,0,94
Reactome_2022,Regulation Of TP53 Expression And Degradation R-HSA-6806003,4/37,2.6832462804489295e-05,0.0007369983116966393,0,0,26.764983164983164,281.7254855713763,RNF34;CDKN2A;MDM2;AKT1,0,94
Reactome_2022,Oncogenic MAPK Signaling R-HSA-6802957,5/78,3.316669777470003e-05,0.0008540424676985257,0,0,15.263198399261196,157.42408285252785,SPRED2;SPRED1;MRAS;ESRP1;NF1,0,94
Reactome_2022,RND1 GTPase Cycle R-HSA-9696273,4/42,4.466494930221725e-05,0.001082468183089,0,0,23.2374269005848,232.7535385732318,CCDC88A;WDR6;RRAS2;FRS3,0,94
Reactome_2022,Signaling By FGFR1 R-HSA-5654736,4/49,8.244963575123093e-05,0.0018871805516392,0,0,19.6158024691358,184.4537250852611,SPRED2;SPRED1;PIK3CA;FRS3,0,94
Reactome_2022,Negative Regulation Of PI3K/AKT Network R-HSA-199418,5/113,0.0001937831396325976,0.0042020343962436,0,0,10.298585101955888,88.04024423007698,PIK3CA;ERBB2;PTEN;AKT1;FGFR2,0,94
Reactome_2022,PIP3 Activates AKT Signaling R-HSA-1257604,7/268,0.0002721118499432593,0.0056055041088311,0,0,6.056062007310521,49.71601386778704,PIK3CA;ERBB2;PTEN;MDM2;AKT1;FGFR2;FRK,0,94
Reactome_2022,Downregulation Of ERBB2 Signaling R-HSA-8863795,3/29,0.0003362141271727117,0.0062963736543253,0,0,25.207100591715975,201.60039925159745,PTPN18;ERBB2;AKT1,0,94
Reactome_2022,Downstream Signaling Of Activated FGFR2 R-HSA-5654696,3/29,0.0003362141271727117,0.0062963736543253,0,0,25.207100591715975,201.60039925159745,PIK3CA;FRS3;FGFR2,0,94
Reactome_2022,Intracellular Signaling By Second Messengers R-HSA-9006925,7/306,0.0006020212300387511,0.0107840324685202,0,0,5.27616960750394,39.12394703964244,PIK3CA;ERBB2;PTEN;MDM2;AKT1;FGFR2;FRK,0,94
Reactome_2022,Regulation Of TP53 Activity R-HSA-5633007,5/157,0.0008751556854224986,0.0150235059330862,0,0,7.301153163808397,51.40821350882095,STK11;RNF34;CDKN2A;MDM2;AKT1,0,94
Reactome_2022,Disease R-HSA-1643685,18/1736,0.0010893993719867,0.0179533016503411,0,0,2.507383126033944,17.105690560252857,ZBP1;MAP4K2;EGFL7;PARP1;CDKN2A;PTEN;FRS3;SPRED2;SPRED1;CASP8;MRAS;PIK3CA;ESRP1;ERBB2;NF1;MDM2;AKT1;FGFR2,0,94
Reactome_2022,"PI5P, PP2A And IER3 Regulate PI3K/AKT Signaling R-HSA-6811558",4/106,0.0015766050056279,0.0242520755227295,0,0,8.629193899782136,55.6797137772842,PIK3CA;ERBB2;AKT1;FGFR2,0,94
Reactome_2022,Downregulation Of ERBB2:ERBB3 Signaling R-HSA-1358803,2/13,0.0016481993073699,0.0242520755227295,0,0,39.31818181818182,251.9537366921336,ERBB2;AKT1,0,94
Reactome_2022,FGFRL1 Modulation Of FGFR1 Signaling R-HSA-5658623,2/13,0.0016481993073699,0.0242520755227295,0,0,39.31818181818182,251.9537366921336,SPRED2;SPRED1,0,94
Reactome_2022,AKT Phosphorylates Targets In Cytosol R-HSA-198323,2/14,0.001917026013848,0.0272349902657034,0,0,36.039855072463766,225.50066121848295,MDM2;AKT1,0,94
Reactome_2022,Signaling By ERBB2 ECD Mutants R-HSA-9665348,2/15,0.0022051992386726,0.0284553069607399,0,0,33.26588628762542,203.48534452549944,PIK3CA;ERBB2,0,94
Reactome_2022,ERBB2 Regulates Cell Motility R-HSA-6785631,2/15,0.0022051992386726,0.0284553069607399,0,0,33.26588628762542,203.48534452549944,ERBB2;MEMO1,0,94
Reactome_2022,Intrinsic Pathway For Apoptosis R-HSA-109606,3/55,0.0022101209289895,0.0284553069607399,0,0,12.58706677937447,76.96623851074759,CASP8;CDKN2A;AKT1,0,94
Reactome_2022,PI3K Events In ERBB2 Signaling R-HSA-1963642,2/16,0.0025125351090035,0.0313686201487716,0,0,30.888198757763973,184.91105998724296,PIK3CA;ERBB2,0,94
Reactome_2022,Regulation Of NF-kappa B Signaling R-HSA-9758274,2/18,0.0031839656312373,0.0374798240019938,0,0,27.02445652173913,155.3805666396376,CASP8;N4BP1,0,94
Reactome_2022,Synthesis Of Glycosylphosphatidylinositol (GPI) R-HSA-162710,2/18,0.0031839656312373,0.0374798240019938,0,0,27.02445652173913,155.3805666396376,PIGM;PIGX,0,94
Reactome_2022,SUMOylation Of Transcription Factors R-HSA-3232118,2/19,0.0035476988486272,0.0385698376205167,0,0,25.433503836317136,143.48199529383507,CDKN2A;MDM2,0,94
Reactome_2022,Regulation Of RAS By GAPs R-HSA-5658442,3/65,0.0035574122077175,0.0385698376205167,0,0,10.551577454803262,59.49741094135293,SPRED2;SPRED1;NF1,0,94
Reactome_2022,FOXO-mediated Transcription R-HSA-9614085,3/65,0.0035574122077175,0.0385698376205167,0,0,10.551577454803262,59.49741094135293,MAP4K2;STK11;AKT1,0,94
Reactome_2022,Regulation Of PTEN Stability And Activity R-HSA-8948751,3/67,0.0038752460334452,0.0404776798370042,0,0,10.22081043956044,56.75765389386097,PTEN;AKT1;FRK,0,94
Reactome_2022,Regulation Of Gene Expression In Beta Cells R-HSA-210745,2/20,0.0039298718288353,0.0404776798370042,0,0,24.019323671497585,133.04659989721253,MAP4K2;AKT1,0,94
Reactome_2022,RNA Polymerase III Transcription Termination R-HSA-73980,2/22,0.0047488278796684,0.0467784002545177,0,0,21.61521739130435,115.63833187122069,NFIX;NFIB,0,94
Reactome_2022,RHO GTPase Cycle R-HSA-9012999,7/441,0.0047686718706061,0.0467784002545177,0,0,3.6099369670003703,19.297594727825107,SLC4A7;CCDC88A;PIK3CA;WDR6;RRAS2;ARHGEF18;FRS3,0,94
Reactome_2022,PI-3K cascade:FGFR2 R-HSA-5654695,2/23,0.0051852594222442,0.0474172284481491,0,0,20.58488612836439,108.3163411335794,PIK3CA;FGFR2,0,94
Reactome_2022,CD28 Dependent PI3K/Akt Signaling R-HSA-389357,2/23,0.0051852594222442,0.0474172284481491,0,0,20.58488612836439,108.3163411335794,PIK3CA;AKT1,0,94
Reactome_2022,Signaling By NTRK2 (TRKB) R-HSA-9006115,2/23,0.0051852594222442,0.0474172284481491,0,0,20.58488612836439,108.3163411335794,PIK3CA;FRS3,0,94
Reactome_2022,Sema4D In Semaphorin Signaling R-HSA-400685,2/24,0.005639427655241,0.0474172284481491,0,0,19.64822134387352,101.73795368654676,RRAS;ERBB2,0,94
Reactome_2022,Downstream Signaling Of Activated FGFR3 R-HSA-5654708,2/24,0.005639427655241,0.0474172284481491,0,0,19.64822134387352,101.73795368654676,PIK3CA;FRS3,0,94
Reactome_2022,Signaling By ERBB2 KD Mutants R-HSA-9664565,2/24,0.005639427655241,0.0474172284481491,0,0,19.64822134387352,101.73795368654676,PIK3CA;ERBB2,0,94
Reactome_2022,FRS-mediated FGFR2 Signaling R-HSA-5654700,2/24,0.005639427655241,0.0474172284481491,0,0,19.64822134387352,101.73795368654676,FRS3;FGFR2,0,94
Reactome_2022,Constitutive Signaling By Aberrant PI3K In Cancer R-HSA-2219530,3/78,0.0059300087034862,0.0488632717167266,0,0,8.716923076923077,44.69802446737536,PIK3CA;ERBB2;FGFR2,0,94
Reactome_2022,Signaling By ERBB2 In Cancer R-HSA-1227990,2/25,0.0061111598513641,0.0493685854659225,0,0,18.793005671077506,95.79995291250644,PIK3CA;ERBB2,0,94
Reactome_2022,Transcriptional Regulation By TP53 R-HSA-3700989,6/354,0.0065090084123855,0.0494421310436169,0,0,3.831896551724138,19.291944340950437,STK11;RNF34;CDKN2A;PTEN;MDM2;AKT1,0,94
Reactome_2022,Constitutive Signaling By AKT1 E17K In Cancer R-HSA-5674400,2/26,0.0066002844839779,0.0494421310436169,0,0,18.009057971014492,90.41704232490788,MDM2;AKT1,0,94
Reactome_2022,Downstream Signaling Of Activated FGFR4 R-HSA-5654716,2/26,0.0066002844839779,0.0494421310436169,0,0,18.009057971014492,90.41704232490788,PIK3CA;FRS3,0,94
Reactome_2022,FGFR2 Alternative Splicing R-HSA-6803529,2/26,0.0066002844839779,0.0494421310436169,0,0,18.009057971014492,90.41704232490788,ESRP2;ESRP1,0,94
Reactome_2022,PI Metabolism R-HSA-1483255,3/82,0.0068107643911991,0.0501077665923938,0,0,8.27389066629573,41.28051661644612,PIK3CA;PTEN;TNFAIP8L2,0,94
Reactome_2022,SUMO E3 Ligases SUMOylate Target Proteins R-HSA-3108232,4/168,0.0081542403401464,0.0589394214059706,0,0,5.350135501355013,25.729963674897466,CASP8AP2;PARP1;CDKN2A;MDM2,0,94
Reactome_2022,Downstream Signaling Of Activated FGFR1 R-HSA-5654687,2/30,0.0087273184884668,0.0619940554697988,0,0,15.433229813664596,73.17352801930804,PIK3CA;FRS3,0,94
Reactome_2022,Innate Immune System R-HSA-168249,11/1035,0.0091925627614176,0.0631571611040446,0,0,2.4437829442771086,11.459779251873911,ZBP1;EGFL7;CASP8;MAP3K1;PIK3CA;CAB39;STK11IP;PI3;NF2;N4BP1;FRK,0,94
Reactome_2022,SUMOylation R-HSA-2990846,4/174,0.0091976448209773,0.0631571611040446,0,0,5.159738562091503,24.193022547056,CASP8AP2;PARP1;CDKN2A;MDM2,0,94
Reactome_2022,MyD88 Cascade Initiated On Plasma Membrane R-HSA-975871,3/96,0.0104832324988093,0.0697541640812592,0,0,7.02339595887983,32.01248569235427,CASP8;MAP3K1;N4BP1,0,94
Reactome_2022,Oncogene Induced Senescence R-HSA-2559585,2/33,0.0104969858568885,0.0697541640812592,0,0,13.937587657784013,63.50894747195799,CDKN2A;MDM2,0,94
Reactome_2022,Signaling By Rho GTPases R-HSA-194315,8/644,0.0108877356207354,0.0712023345356031,0,0,2.818487640778119,12.739897551111708,SLC4A7;CCDC88A;PIK3CA;WDR6;RRAS2;ARHGEF18;NF2;FRS3,0,94
Reactome_2022,CD28 Co-Stimulation R-HSA-389356,2/34,0.0111192168152159,0.0715799582479526,0,0,13.501358695652174,60.74369859051535,PIK3CA;AKT1,0,94
Reactome_2022,TRAF6 Mediated Induction Of NFkB And MAP Kinases Upon TLR7/8 Or 9 Activation R-HSA-975138,3/101,0.0120239095829143,0.0762130884332416,0,0,6.663377438887643,29.45784643242774,CASP8;MAP3K1;N4BP1,0,94
Reactome_2022,MyD88 Dependent Cascade Initiated On Endosome R-HSA-975155,3/102,0.0123468147388916,0.0767657950297801,0,0,6.595737595737596,28.98402676264153,CASP8;MAP3K1;N4BP1,0,94
Reactome_2022,"Signaling By Rho GTPases, Miro GTPases And RHOBTB3 R-HSA-9716542",8/660,0.0124837579296001,0.0767657950297801,0,0,2.7470395206163505,12.041172075579706,SLC4A7;CCDC88A;PIK3CA;WDR6;RRAS2;ARHGEF18;NF2;FRS3,0,94
Reactome_2022,Toll Like Receptor 7/8 (TLR7/8) Cascade R-HSA-168181,3/103,0.0126746717415919,0.0767935993755278,0,0,6.52945054945055,28.521616988231813,CASP8;MAP3K1;N4BP1,0,94
Reactome_2022,FLT3 Signaling R-HSA-9607240,2/37,0.0130806806508724,0.0781049337414415,0,0,12.34223602484472,53.52357397384211,PIK3CA;AKT1,0,94
Reactome_2022,Toll Like Receptor 9 (TLR9) Cascade R-HSA-168138,3/106,0.0136880636799006,0.080564031944558,0,0,6.338312173263629,27.199162257049625,CASP8;MAP3K1;N4BP1,0,94
Reactome_2022,Signaling By FGFR3 R-HSA-5654741,2/39,0.0144657139567627,0.083941889439243,0,0,11.673913043478262,49.45039194640452,PIK3CA;FRS3,0,94
Reactome_2022,RET Signaling R-HSA-8853659,2/40,0.0151809781633855,0.084521121666417,0,0,11.366132723112129,47.59809121027935,RET;PIK3CA,0,94
Reactome_2022,RNA Polymerase III Abortive And Retractive Initiation R-HSA-749476,2/40,0.0151809781633855,0.084521121666417,0,0,11.366132723112129,47.59809121027935,NFIX;NFIB,0,94
Reactome_2022,Signaling By FGFR4 R-HSA-5654743,2/40,0.0151809781633855,0.084521121666417,0,0,11.366132723112129,47.59809121027935,PIK3CA;FRS3,0,94
Reactome_2022,MyD88:MAL(TIRAP) Cascade Initiated On Plasma Membrane R-HSA-166058,3/112,0.0158499091285711,0.0862554593063025,0,0,5.987599556406896,24.816154298071133,CASP8;MAP3K1;N4BP1,0,94
Reactome_2022,Regulation Of Beta-Cell Development R-HSA-186712,2/41,0.0159112012312596,0.0862554593063025,0,0,11.074136008918618,45.85502865602509,MAP4K2;AKT1,0,94
Reactome_2022,RND3 GTPase Cycle R-HSA-9696264,2/42,0.0166562298986272,0.0879790604901848,0,0,10.796739130434782,44.21233324990813,CCDC88A;WDR6,0,94
Reactome_2022,Signaling By FGFR2 In Disease R-HSA-5655253,2/42,0.0166562298986272,0.0879790604901848,0,0,10.796739130434782,44.21233324990813,PIK3CA;FGFR2,0,94
Reactome_2022,RND2 GTPase Cycle R-HSA-9696270,2/43,0.0174159119807794,0.0908272877984955,0,0,10.53287380699894,42.66204670923194,WDR6;FRS3,0,94
Reactome_2022,Gene Expression (Transcription) R-HSA-74160,13/1449,0.0178309337107809,0.0918293086105218,0,0,2.0642903813748754,8.312526786608597,MAP4K2;RNF34;NFIX;PARP1;MSX2;CDKN2A;PTEN;STK11;ZNF92;NFIB;ERBB2;MDM2;AKT1,0,94
Reactome_2022,PI3K Cascade R-HSA-109704,2/44,0.0181900963761039,0.0925224655179609,0,0,10.281573498964804,41.197010536699175,PIK3CA;FGFR2,0,94
Reactome_2022,Immune System R-HSA-168256,16/1943,0.0185169870690481,0.093036569176193,0,0,1.913855734302024,7.6344982706620605,ZBP1;PTPN18;EGFL7;WSB1;RNF34;MAP3K1;CAB39;STK11IP;PTEN;CASP8;PIK3CA;AKT1;PI3;NF2;N4BP1;FRK,0,94
Reactome_2022,TAK1-dependent IKK And NF-kappa-B Activation R-HSA-445989,2/45,0.0189786330428999,0.0942071905262021,0,0,10.04196157735086,39.81076931220625,CASP8;N4BP1,0,94
Reactome_2022,IRS-mediated Signaling R-HSA-112399,2/47,0.0205981683745742,0.1010291115514833,0,0,9.594685990338164,37.25187803675723,PIK3CA;FGFR2,0,94
Reactome_2022,Defective RIPK1-mediated Regulated Necrosis R-HSA-9693928,1/5,0.0232822785774213,0.1086728417284409,0,0,53.5,201.1633589371276,CASP8,0,94
Reactome_2022,FasL/ CD95L Signaling R-HSA-75157,1/5,0.0232822785774213,0.1086728417284409,0,0,53.5,201.1633589371276,CASP8,0,94
Reactome_2022,GRB7 Events In ERBB2 Signaling R-HSA-1306955,1/5,0.0232822785774213,0.1086728417284409,0,0,53.5,201.1633589371276,ERBB2,0,94
Reactome_2022,IRF3 Mediated Activation Of Type 1 IFN R-HSA-1606341,1/5,0.0232822785774213,0.1086728417284409,0,0,53.5,201.1633589371276,ZBP1,0,94
Reactome_2022,Generic Transcription Pathway R-HSA-212436,11/1190,0.0236889892330764,0.1086728417284409,0,0,2.1050819052290586,7.878784624068568,MAP4K2;STK11;ZNF92;RNF34;PARP1;MSX2;CDKN2A;ERBB2;PTEN;MDM2;AKT1,0,94
Reactome_2022,Synthesis Of PIPs At Plasma Membrane R-HSA-1660499,2/51,0.0240029820322527,0.1086728417284409,0,0,8.809671694764862,32.85635073640704,PIK3CA;PTEN,0,94
Reactome_2022,IRS-related Events Triggered By IGF1R R-HSA-2428928,2/51,0.0240029820322527,0.1086728417284409,0,0,8.809671694764862,32.85635073640704,PIK3CA;FGFR2,0,94
Reactome_2022,Signaling By Non-Receptor Tyrosine Kinases R-HSA-9006927,2/52,0.024887872153036,0.1093722005758506,0,0,8.63304347826087,31.885063989274137,ERBB2;AKT1,0,94
Reactome_2022,IGF1R Signaling Cascade R-HSA-2428924,2/52,0.024887872153036,0.1093722005758506,0,0,8.63304347826087,31.885063989274137,PIK3CA;FGFR2,0,94
Reactome_2022,Signaling By Type 1 Insulin-like Growth Factor 1 Receptor (IGF1R) R-HSA-2404192,2/53,0.0257859520097423,0.1093722005758506,0,0,8.463341858482524,30.958273416173974,PIK3CA;FGFR2,0,94
Reactome_2022,Insulin Receptor Signaling Cascade R-HSA-74751,2/53,0.0257859520097423,0.1093722005758506,0,0,8.463341858482524,30.958273416173974,PIK3CA;FGFR2,0,94
Reactome_2022,Regulation Of RUNX3 Expression And Activity R-HSA-8941858,2/54,0.0266970809068837,0.1093722005758506,0,0,8.300167224080267,30.07317459219205,CDKN2A;MDM2,0,94
Reactome_2022,Signaling By ALK Fusions And Activated Point Mutants R-HSA-9725370,2/55,0.0276211191560954,0.1093722005758506,0,0,8.143150123051681,29.22718768377018,PIK3CA;FRS3,0,94
Reactome_2022,PTEN Regulation R-HSA-6807070,3/139,0.027836004881178,0.1093722005758506,0,0,4.792340012928248,17.16340612302813,PTEN;AKT1;FRK,0,94
Reactome_2022,Death Receptor Signaling R-HSA-73887,3/139,0.027836004881178,0.1093722005758506,0,0,4.792340012928248,17.16340612302813,CASP8;OMG;ARHGEF18,0,94
Reactome_2022,Activated NTRK2 Signals Thru PI3K R-HSA-9028335,1/6,0.0278739831564667,0.1093722005758506,0,0,42.79784946236559,153.2189343652742,PIK3CA,0,94
Reactome_2022,Activated NTRK3 Signals Thru PI3K R-HSA-9603381,1/6,0.0278739831564667,0.1093722005758506,0,0,42.79784946236559,153.2189343652742,PIK3CA,0,94
Reactome_2022,CLEC7A/inflammasome Pathway R-HSA-5660668,1/6,0.0278739831564667,0.1093722005758506,0,0,42.79784946236559,153.2189343652742,CASP8,0,94
Reactome_2022,TLR3-mediated TICAM1-dependent Programmed Cell Death R-HSA-9013957,1/6,0.0278739831564667,0.1093722005758506,0,0,42.79784946236559,153.2189343652742,CASP8,0,94
Reactome_2022,MET Activates PI3K/AKT Signaling R-HSA-8851907,1/6,0.0278739831564667,0.1093722005758506,0,0,42.79784946236559,153.2189343652742,PIK3CA,0,94
Reactome_2022,Microbial Modulation Of RIPK1-mediated Regulated Necrosis R-HSA-9686347,1/6,0.0278739831564667,0.1093722005758506,0,0,42.79784946236559,153.2189343652742,CASP8,0,94
Reactome_2022,Toll Like Receptor 4 (TLR4) Cascade R-HSA-166016,3/140,0.028351150920004,0.1099613678736196,0,0,4.757118793615144,16.950031236465602,CASP8;MAP3K1;N4BP1,0,94
Reactome_2022,Stabilization Of P53 R-HSA-69541,2/56,0.0285579280642653,0.1099613678736196,0,0,7.99194847020934,28.41793573107144,CDKN2A;MDM2,0,94
Reactome_2022,Signaling By FGFR In Disease R-HSA-1226099,2/61,0.033428747673678,0.1275244818662534,0,0,7.312822402358143,24.85144986547561,PIK3CA;FGFR2,0,94
Reactome_2022,Interleukin-1 Family Signaling R-HSA-446652,3/152,0.0349270420700576,0.1302674334116206,0,0,4.371340069326647,14.663633620971533,PTPN18;CASP8;N4BP1,0,94
Reactome_2022,Semaphorin Interactions R-HSA-373755,2/64,0.0364958256985772,0.1302674334116206,0,0,6.957924263674614,23.03460758568978,RRAS;ERBB2,0,94
Reactome_2022,AMPK Inhibits chREBP Transcriptional Activity R-HSA-163680,1/8,0.0369934216241738,0.1302674334116206,0,0,30.566820276497698,100.7792703363177,STK11,0,94
Reactome_2022,POLB-Dependent Long Patch Base Excision Repair R-HSA-110362,1/8,0.0369934216241738,0.1302674334116206,0,0,30.566820276497698,100.7792703363177,PARP1,0,94
Reactome_2022,Axonal Growth Inhibition (RHOA Activation) R-HSA-193634,1/8,0.0369934216241738,0.1302674334116206,0,0,30.566820276497698,100.7792703363177,OMG,0,94
Reactome_2022,RUNX2 Regulates Genes Involved In Cell Migration R-HSA-8941332,1/8,0.0369934216241738,0.1302674334116206,0,0,30.566820276497698,100.7792703363177,AKT1,0,94
Reactome_2022,Sema4D Mediated Inhibition Of Cell Attachment And Migration R-HSA-416550,1/8,0.0369934216241738,0.1302674334116206,0,0,30.566820276497698,100.7792703363177,RRAS,0,94
Reactome_2022,Gain-of-function MRAS Complexes Activate RAF Signaling R-HSA-9726842,1/8,0.0369934216241738,0.1302674334116206,0,0,30.566820276497698,100.7792703363177,MRAS,0,94
Reactome_2022,TRAIL Signaling R-HSA-75158,1/8,0.0369934216241738,0.1302674334116206,0,0,30.566820276497698,100.7792703363177,CASP8,0,94
Reactome_2022,p53-Dependent G1 DNA Damage Response R-HSA-69563,2/65,0.0375414915609093,0.1310770722296157,0,0,6.847135955831608,22.47441265828871,CDKN2A;MDM2,0,94
Reactome_2022,G1/S DNA Damage Checkpoints R-HSA-69615,2/67,0.0396670075092318,0.1346991859908641,0,0,6.635785953177257,21.41524387842656,CDKN2A;MDM2,0,94
Reactome_2022,Costimulation By CD28 Family R-HSA-388841,2/68,0.0407466023557477,0.1346991859908641,0,0,6.534914361001317,20.91422765467781,PIK3CA;AKT1,0,94
Reactome_2022,Toll-like Receptor Cascades R-HSA-168898,3/162,0.0409573016115533,0.1346991859908641,0,0,4.09433962264151,13.082337053826414,CASP8;MAP3K1;N4BP1,0,94
Reactome_2022,PI3K/AKT Activation R-HSA-198203,1/9,0.0415213510214556,0.1346991859908641,0,0,26.74462365591398,85.08929057374515,PIK3CA,0,94
Reactome_2022,Activated NTRK2 Signals Thru FRS2 And FRS3 R-HSA-9028731,1/9,0.0415213510214556,0.1346991859908641,0,0,26.74462365591398,85.08929057374515,FRS3,0,94
Reactome_2022,PTK6 Regulates RTKs And Their Effectors AKT1 And DOK1 R-HSA-8849469,1/9,0.0415213510214556,0.1346991859908641,0,0,26.74462365591398,85.08929057374515,AKT1,0,94
Reactome_2022,Regulation Of PTEN Localization R-HSA-8948747,1/9,0.0415213510214556,0.1346991859908641,0,0,26.74462365591398,85.08929057374515,PTEN,0,94
Reactome_2022,TRIF-mediated Programmed Cell Death R-HSA-2562578,1/9,0.0415213510214556,0.1346991859908641,0,0,26.74462365591398,85.08929057374515,CASP8,0,94
Reactome_2022,p75NTR Regulates Axonogenesis R-HSA-193697,1/9,0.0415213510214556,0.1346991859908641,0,0,26.74462365591398,85.08929057374515,OMG,0,94
Reactome_2022,RNA Polymerase II Transcription R-HSA-73857,11/1312,0.0436057288120164,0.137258017073394,0,0,1.8952520304121945,5.937003479101462,MAP4K2;STK11;ZNF92;RNF34;PARP1;MSX2;CDKN2A;ERBB2;PTEN;MDM2;AKT1,0,94
Reactome_2022,Diseases Of Programmed Cell Death R-HSA-9645723,2/71,0.0440512222830111,0.137258017073394,0,0,6.249842470069313,19.514521749182094,CASP8;CDKN2A,0,94
Reactome_2022,AKT Phosphorylates Targets In Nucleus R-HSA-198693,1/10,0.0460282169261211,0.137258017073394,0,0,23.77180406212664,73.18151447362185,AKT1,0,94
Reactome_2022,PI3K Events In ERBB4 Signaling R-HSA-1250342,1/10,0.0460282169261211,0.137258017073394,0,0,23.77180406212664,73.18151447362185,PIK3CA,0,94
Reactome_2022,Bicarbonate Transporters R-HSA-425381,1/10,0.0460282169261211,0.137258017073394,0,0,23.77180406212664,73.18151447362185,SLC4A7,0,94
Reactome_2022,RUNX3 Regulates p14-ARF R-HSA-8951936,1/10,0.0460282169261211,0.137258017073394,0,0,23.77180406212664,73.18151447362185,CDKN2A,0,94
Reactome_2022,Constitutive Signaling By Overexpressed ERBB2 R-HSA-9634285,1/10,0.0460282169261211,0.137258017073394,0,0,23.77180406212664,73.18151447362185,ERBB2,0,94
Reactome_2022,Signaling By FGFR4 In Disease R-HSA-5655291,1/10,0.0460282169261211,0.137258017073394,0,0,23.77180406212664,73.18151447362185,PIK3CA,0,94
Reactome_2022,FGFR2b Ligand Binding And Activation R-HSA-190377,1/10,0.0460282169261211,0.137258017073394,0,0,23.77180406212664,73.18151447362185,FGFR2,0,94
Reactome_2022,"Tetrahydrobiopterin (BH4) Synthesis, Recycling, Salvage And Regulation R-HSA-1474151",1/10,0.0460282169261211,0.137258017073394,0,0,23.77180406212664,73.18151447362185,AKT1,0,94
Reactome_2022,Uptake Of Dietary Cobalamins Into Enterocytes R-HSA-9758881,1/10,0.0460282169261211,0.137258017073394,0,0,23.77180406212664,73.18151447362185,PRSS58,0,94
Reactome_2022,Extra-nuclear Estrogen Signaling R-HSA-9009391,2/73,0.0463079232359266,0.137258017073394,0,0,6.073178199632578,18.65948901493736,PIK3CA;AKT1,0,94
Reactome_2022,SUMOylation Of DNA Damage Response And Repair Proteins R-HSA-3108214,2/76,0.0497709630241121,0.1435297644726043,0,0,5.826086956521739,17.480145823147954,PARP1;CDKN2A,0,94
Reactome_2022,CASP8 Activity Is Inhibited R-HSA-5218900,1/11,0.0505141161372029,0.1435297644726043,0,0,21.39354838709677,63.87049121569168,CASP8,0,94
Reactome_2022,Regulation Of PTEN mRNA Translation R-HSA-8943723,1/11,0.0505141161372029,0.1435297644726043,0,0,21.39354838709677,63.87049121569168,PTEN,0,94
Reactome_2022,Dimerization Of Procaspase-8 R-HSA-69416,1/11,0.0505141161372029,0.1435297644726043,0,0,21.39354838709677,63.87049121569168,CASP8,0,94
Reactome_2022,Signaling By PDGFRA Extracellular Domain Mutants R-HSA-9673770,1/11,0.0505141161372029,0.1435297644726043,0,0,21.39354838709677,63.87049121569168,PIK3CA,0,94
Reactome_2022,eNOS Activation R-HSA-203615,1/11,0.0505141161372029,0.1435297644726043,0,0,21.39354838709677,63.87049121569168,AKT1,0,94
Reactome_2022,Signaling By Insulin Receptor R-HSA-74752,2/77,0.0509456258908112,0.1437643689521524,0,0,5.748115942028986,17.112120316828403,PIK3CA;FGFR2,0,94
Reactome_2022,Apoptosis R-HSA-109581,3/178,0.0516224044615102,0.144683201620015,0,0,3.7169858712715858,11.016400888115356,CASP8;CDKN2A;AKT1,0,94
Reactome_2022,Caspase-mediated Cleavage Of Cytoskeletal Proteins R-HSA-264870,1/12,0.0549791450637696,0.1500093229554508,0,0,19.44770283479961,56.41392256593172,CASP8,0,94
Reactome_2022,Regulation Of Localization Of FOXO Transcription Factors R-HSA-9614399,1/12,0.0549791450637696,0.1500093229554508,0,0,19.44770283479961,56.41392256593172,AKT1,0,94
Reactome_2022,Erythropoietin Activates Phosphoinositide-3-kinase (PI3K) R-HSA-9027276,1/12,0.0549791450637696,0.1500093229554508,0,0,19.44770283479961,56.41392256593172,PIK3CA,0,94
Reactome_2022,HDR Thru MMEJ (alt-NHEJ) R-HSA-5685939,1/12,0.0549791450637696,0.1500093229554508,0,0,19.44770283479961,56.41392256593172,PARP1,0,94
Reactome_2022,DDX58/IFIH1-mediated Induction Of Interferon-Alpha/Beta R-HSA-168928,2/81,0.0557427128031489,0.1501045599666494,0,0,5.455971381397909,15.751436240724914,CASP8;MAP3K1,0,94
Reactome_2022,TP53 Regulates Metabolic Genes R-HSA-5628897,2/81,0.0557427128031489,0.1501045599666494,0,0,5.455971381397909,15.751436240724914,PTEN;AKT1,0,94
Reactome_2022,SARS-CoV-2 Targets Host Intracellular Signaling And Regulatory Pathways R-HSA-9755779,1/13,0.0594233996587116,0.1539776142099948,0,0,17.82616487455197,50.32446129740212,AKT1,0,94
Reactome_2022,ERBB2 Activates PTK6 Signaling R-HSA-8847993,1/13,0.0594233996587116,0.1539776142099948,0,0,17.82616487455197,50.32446129740212,ERBB2,0,94
Reactome_2022,FGFR2c Ligand Binding And Activation R-HSA-190375,1/13,0.0594233996587116,0.1539776142099948,0,0,17.82616487455197,50.32446129740212,FGFR2,0,94
Reactome_2022,TFAP2 (AP-2) Family Regulates Transcription Of Growth Factors And Their Receptors R-HSA-8866910,1/13,0.0594233996587116,0.1539776142099948,0,0,17.82616487455197,50.32446129740212,ERBB2,0,94
Reactome_2022,TNFR1-induced Proapoptotic Signaling R-HSA-5357786,1/13,0.0594233996587116,0.1539776142099948,0,0,17.82616487455197,50.32446129740212,CASP8,0,94
Reactome_2022,NF-kB Activation Thru FADD/RIP-1 Pathway Mediated By Caspase-8 And -10 R-HSA-933543,1/13,0.0594233996587116,0.1539776142099948,0,0,17.82616487455197,50.32446129740212,CASP8,0,94
Reactome_2022,Signaling By Interleukins R-HSA-449147,5/453,0.0624187557041214,0.159423963040395,0,0,2.440058186195827,6.768451724951226,PTPN18;CASP8;PIK3CA;AKT1;N4BP1,0,94
Reactome_2022,Fcgamma Receptor (FCGR) Dependent Phagocytosis R-HSA-2029480,2/87,0.0632210029497673,0.159423963040395,0,0,5.069309462915601,13.99696519410232,PIK3CA;NF2,0,94
Reactome_2022,Regulation Of TP53 Activity Thru Association With Co-factors R-HSA-6804759,1/14,0.0638469754894786,0.159423963040395,0,0,16.45409429280397,45.269591284815306,AKT1,0,94
Reactome_2022,Constitutive Signaling By EGFRvIII R-HSA-5637810,1/14,0.0638469754894786,0.159423963040395,0,0,16.45409429280397,45.269591284815306,PIK3CA,0,94
Reactome_2022,Role Of LAT2/NTAL/LAB On Calcium Mobilization R-HSA-2730905,1/14,0.0638469754894786,0.159423963040395,0,0,16.45409429280397,45.269591284815306,PIK3CA,0,94
Reactome_2022,SEMA3A-Plexin Repulsion Signaling By Inhibiting Integrin Adhesion R-HSA-399955,1/14,0.0638469754894786,0.159423963040395,0,0,16.45409429280397,45.269591284815306,RRAS,0,94
Reactome_2022,Regulation Of TP53 Activity Thru Phosphorylation R-HSA-6804756,2/90,0.0670807911085883,0.1638048105361953,0,0,4.895750988142293,13.227621763317469,STK11;MDM2,0,94
Reactome_2022,Activation Of BAD And Translocation To Mitochondria R-HSA-111447,1/15,0.0682499676931499,0.1638048105361953,0,0,15.278033794162829,41.01507826972229,AKT1,0,94
Reactome_2022,Regulation Of Innate Immune Responses To Cytosolic DNA R-HSA-3134975,1/15,0.0682499676931499,0.1638048105361953,0,0,15.278033794162829,41.01507826972229,ZBP1,0,94
Reactome_2022,Signaling By FLT3 ITD And TKD Mutants R-HSA-9703648,1/15,0.0682499676931499,0.1638048105361953,0,0,15.278033794162829,41.01507826972229,PIK3CA,0,94
Reactome_2022,GRB2 Events In ERBB2 Signaling R-HSA-1963640,1/15,0.0682499676931499,0.1638048105361953,0,0,15.278033794162829,41.01507826972229,ERBB2,0,94
Reactome_2022,Metabolism Of Nitric Oxide: NOS3 Activation And Regulation R-HSA-202131,1/15,0.0682499676931499,0.1638048105361953,0,0,15.278033794162829,41.01507826972229,AKT1,0,94
Reactome_2022,Signaling By TGF-beta Receptor Complex R-HSA-170834,2/91,0.0683845325539456,0.1638048105361953,0,0,4.8404982901807525,12.985162400470038,PARP1;ARHGEF18,0,94
Reactome_2022,Post-translational Modification: Synthesis Of GPI-anchored Proteins R-HSA-163125,2/92,0.069696668492999,0.1659828174515352,0,0,4.786473429951691,12.74926383946572,PIGM;PIGX,0,94
Reactome_2022,Oxidative Stress Induced Senescence R-HSA-2559580,2/93,0.0710170931897754,0.1660825486454422,0,0,4.733635929288103,12.51968447662762,CDKN2A;MDM2,0,94
Reactome_2022,VEGFA-VEGFR2 Pathway R-HSA-4420097,2/93,0.0710170931897754,0.1660825486454422,0,0,4.733635929288103,12.51968447662762,PIK3CA;AKT1,0,94
Reactome_2022,Downstream TCR Signaling R-HSA-202424,2/94,0.072345701714931,0.1660825486454422,0,0,4.6819470699432895,12.296194018761003,PIK3CA;PTEN,0,94
Reactome_2022,Caspase Activation Via Death Receptors In Presence Of Ligand R-HSA-140534,1/16,0.0726324709588663,0.1660825486454422,0,0,14.258781362007168,37.3914183271943,CASP8,0,94
Reactome_2022,Signaling By NTRK3 (TRKC) R-HSA-9034015,1/16,0.0726324709588663,0.1660825486454422,0,0,14.258781362007168,37.3914183271943,PIK3CA,0,94
Reactome_2022,FOXO-mediated Transcription Of Cell Death Genes R-HSA-9614657,1/16,0.0726324709588663,0.1660825486454422,0,0,14.258781362007168,37.3914183271943,STK11,0,94
Reactome_2022,TGF-beta Receptor Signaling In EMT (Epithelial To Mesenchymal Transition) R-HSA-2173791,1/16,0.0726324709588663,0.1660825486454422,0,0,14.258781362007168,37.3914183271943,ARHGEF18,0,94
Reactome_2022,Transcriptional Regulation By RUNX3 R-HSA-8878159,2/95,0.0736823898979721,0.1660825486454422,0,0,4.631369798971482,12.078572843887915,CDKN2A;MDM2,0,94
Reactome_2022,P75 NTR Receptor-Mediated Signaling R-HSA-193704,2/95,0.0736823898979721,0.1660825486454422,0,0,4.631369798971482,12.078572843887915,OMG;ARHGEF18,0,94
Reactome_2022,Phospholipid Metabolism R-HSA-1483257,3/208,0.0748268862593801,0.1660825486454422,0,0,3.1682122755293487,8.21383749750772,PIK3CA;PTEN;TNFAIP8L2,0,94
Reactome_2022,Programmed Cell Death R-HSA-5357801,3/208,0.0748268862593801,0.1660825486454422,0,0,3.1682122755293487,8.21383749750772,CASP8;CDKN2A;AKT1,0,94
Reactome_2022,Activated Point Mutants Of FGFR2 R-HSA-2033519,1/17,0.0769945795904841,0.1660825486454422,0,0,13.366935483870968,34.2730933217087,FGFR2,0,94
Reactome_2022,Butyrate Response Factor 1 Binds And Destabilizes mRNA R-HSA-450385,1/17,0.0769945795904841,0.1660825486454422,0,0,13.366935483870968,34.2730933217087,AKT1,0,94
Reactome_2022,RIP-mediated NFkB Activation Via ZBP1 R-HSA-1810476,1/17,0.0769945795904841,0.1660825486454422,0,0,13.366935483870968,34.2730933217087,ZBP1,0,94
Reactome_2022,Signaling By Cytosolic FGFR1 Fusion Mutants R-HSA-1839117,1/17,0.0769945795904841,0.1660825486454422,0,0,13.366935483870968,34.2730933217087,PIK3CA,0,94
Reactome_2022,GAB1 Signalosome R-HSA-180292,1/17,0.0769945795904841,0.1660825486454422,0,0,13.366935483870968,34.2730933217087,PIK3CA,0,94
Reactome_2022,Tie2 Signaling R-HSA-210993,1/17,0.0769945795904841,0.1660825486454422,0,0,13.366935483870968,34.2730933217087,PIK3CA,0,94
Reactome_2022,KSRP (KHSRP) Binds And Destabilizes mRNA R-HSA-450604,1/17,0.0769945795904841,0.1660825486454422,0,0,13.366935483870968,34.2730933217087,AKT1,0,94
Reactome_2022,KEAP1-NFE2L2 Pathway R-HSA-9755511,2/100,0.0804834345723507,0.1701045260253907,0,0,4.39396628216504,11.071493966406615,CDKN2A;AKT1,0,94
Reactome_2022,PI-3K cascade:FGFR3 R-HSA-5654710,1/18,0.0813363874441795,0.1701045260253907,0,0,12.58001265022138,31.565287091339385,PIK3CA,0,94
Reactome_2022,Phospholipase C-mediated Cascade; FGFR2 R-HSA-5654221,1/18,0.0813363874441795,0.1701045260253907,0,0,12.58001265022138,31.565287091339385,FGFR2,0,94
Reactome_2022,Constitutive Signaling By Ligand-Responsive EGFR Cancer Variants R-HSA-1236382,1/18,0.0813363874441795,0.1701045260253907,0,0,12.58001265022138,31.565287091339385,PIK3CA,0,94
Reactome_2022,Regulation Of Signaling By CBL R-HSA-912631,1/18,0.0813363874441795,0.1701045260253907,0,0,12.58001265022138,31.565287091339385,PIK3CA,0,94
Reactome_2022,Signaling By FLT3 Fusion Proteins R-HSA-9703465,1/18,0.0813363874441795,0.1701045260253907,0,0,12.58001265022138,31.565287091339385,PIK3CA,0,94
Reactome_2022,Signaling By VEGF R-HSA-194138,2/102,0.0832568510559292,0.1721516635812424,0,0,4.305652173913043,10.70309720614634,PIK3CA;AKT1,0,94
Reactome_2022,Toll Like Receptor 3 (TLR3) Cascade R-HSA-168164,2/103,0.0846545194185372,0.1721516635812424,0,0,4.262806715454154,10.525623369484787,CASP8;N4BP1,0,94
Reactome_2022,Regulation Of TP53 Activity Thru Methylation R-HSA-6804760,1/19,0.0856579879469774,0.1721516635812424,0,0,11.8805256869773,29.195118234670645,MDM2,0,94
Reactome_2022,Signaling By FGFR2 IIIa TM R-HSA-8851708,1/19,0.0856579879469774,0.1721516635812424,0,0,11.8805256869773,29.195118234670645,FGFR2,0,94
Reactome_2022,Signaling By KIT In Disease R-HSA-9669938,1/19,0.0856579879469774,0.1721516635812424,0,0,11.8805256869773,29.195118234670645,PIK3CA,0,94
Reactome_2022,Signaling By PDGFR In Disease R-HSA-9671555,1/19,0.0856579879469774,0.1721516635812424,0,0,11.8805256869773,29.195118234670645,PIK3CA,0,94
Reactome_2022,FRS-mediated FGFR3 Signaling R-HSA-5654706,1/19,0.0856579879469774,0.1721516635812424,0,0,11.8805256869773,29.195118234670645,FRS3,0,94
Reactome_2022,Metabolism Of Cofactors R-HSA-8978934,1/19,0.0856579879469774,0.1721516635812424,0,0,11.8805256869773,29.195118234670645,AKT1,0,94
Reactome_2022,PI-3K cascade:FGFR4 R-HSA-5654720,1/20,0.0899594741237405,0.1748975977213239,0,0,11.254668930390492,27.10569960599241,PIK3CA,0,94
Reactome_2022,Apoptotic Factor-Mediated Response R-HSA-111471,1/20,0.0899594741237405,0.1748975977213239,0,0,11.254668930390492,27.10569960599241,CDKN2A,0,94
Reactome_2022,Diseases Associated With N-glycosylation Of Proteins R-HSA-3781860,1/20,0.0899594741237405,0.1748975977213239,0,0,11.254668930390492,27.10569960599241,EGFL7,0,94
Reactome_2022,Sema4D Induced Cell Migration And Growth-Cone Collapse R-HSA-416572,1/20,0.0899594741237405,0.1748975977213239,0,0,11.254668930390492,27.10569960599241,ERBB2,0,94
Reactome_2022,FGFR2 Ligand Binding And Activation R-HSA-190241,1/20,0.0899594741237405,0.1748975977213239,0,0,11.254668930390492,27.10569960599241,FGFR2,0,94
Reactome_2022,MyD88-independent TLR4 Cascade R-HSA-166166,2/107,0.0903159982033329,0.1748975977213239,0,0,4.099585921325052,9.857211107070745,CASP8;N4BP1,0,94
Reactome_2022,Degradation Of Extracellular Matrix R-HSA-1474228,2/109,0.0931878865254823,0.1748975977213239,0,0,4.022551808208045,9.546068697184133,PRSS58;KLK7,0,94
Reactome_2022,PI-3K cascade:FGFR1 R-HSA-5654689,1/21,0.0942409385779949,0.1748975977213239,0,0,10.691397849462366,25.252018992111125,PIK3CA,0,94
Reactome_2022,RHO GTPases Activate PAKs R-HSA-5627123,1/21,0.0942409385779949,0.1748975977213239,0,0,10.691397849462366,25.252018992111125,NF2,0,94
Reactome_2022,CTLA4 Inhibitory Signaling R-HSA-389513,1/21,0.0942409385779949,0.1748975977213239,0,0,10.691397849462366,25.252018992111125,AKT1,0,94
Reactome_2022,"Cobalamin (Cbl, Vitamin B12) Transport And Metabolism R-HSA-196741",1/21,0.0942409385779949,0.1748975977213239,0,0,10.691397849462366,25.252018992111125,PRSS58,0,94
Reactome_2022,SHC1 Events In ERBB2 Signaling R-HSA-1250196,1/21,0.0942409385779949,0.1748975977213239,0,0,10.691397849462366,25.252018992111125,ERBB2,0,94
Reactome_2022,Signaling By ERBB2 TMD/JMD Mutants R-HSA-9665686,1/21,0.0942409385779949,0.1748975977213239,0,0,10.691397849462366,25.252018992111125,ERBB2,0,94
Reactome_2022,Signaling By FGFR3 In Disease R-HSA-5655332,1/21,0.0942409385779949,0.1748975977213239,0,0,10.691397849462366,25.252018992111125,PIK3CA,0,94
Reactome_2022,FRS-mediated FGFR4 Signaling R-HSA-5654712,1/21,0.0942409385779949,0.1748975977213239,0,0,10.691397849462366,25.252018992111125,FRS3,0,94
Reactome_2022,ZBP1(DAI) Mediated Induction Of Type I IFNs R-HSA-1606322,1/21,0.0942409385779949,0.1748975977213239,0,0,10.691397849462366,25.252018992111125,ZBP1,0,94
Reactome_2022,Interleukin-37 Signaling R-HSA-9008059,1/21,0.0942409385779949,0.1748975977213239,0,0,10.691397849462366,25.252018992111125,PTPN18,0,94
Reactome_2022,SHC-mediated cascade:FGFR2 R-HSA-5654699,1/22,0.0985024734903119,0.1803689736800379,0,0,10.181771633384535,23.598023514902643,FGFR2,0,94
Reactome_2022,FRS-mediated FGFR1 Signaling R-HSA-5654693,1/22,0.0985024734903119,0.1803689736800379,0,0,10.181771633384535,23.598023514902643,FRS3,0,94
Reactome_2022,Nephrin Family Interactions R-HSA-373753,1/22,0.0985024734903119,0.1803689736800379,0,0,10.181771633384535,23.598023514902643,PIK3CA,0,94
Reactome_2022,Interleukin-1 Signaling R-HSA-9020702,2/114,0.1004816478455976,0.1831789332406469,0,0,3.842003105590062,8.828078574689023,CASP8;N4BP1,0,94
Reactome_2022,TCR Signaling R-HSA-202403,2/116,0.1034428605415628,0.1877465134058321,0,0,3.774218154080854,8.562704185822335,PIK3CA;PTEN,0,94
Reactome_2022,Defective Intrinsic Pathway For Apoptosis R-HSA-9734009,1/24,0.1069661212646203,0.1907794024286735,0,0,9.295465170640488,20.77762455454772,CDKN2A,0,94
Reactome_2022,Signaling By EGFR In Cancer R-HSA-1643713,1/24,0.1069661212646203,0.1907794024286735,0,0,9.295465170640488,20.77762455454772,PIK3CA,0,94
Reactome_2022,Signaling By Erythropoietin R-HSA-9006335,1/24,0.1069661212646203,0.1907794024286735,0,0,9.295465170640488,20.77762455454772,PIK3CA,0,94
Reactome_2022,Estrogen-dependent Nuclear Events Downstream Of ESR-membrane Signaling R-HSA-9634638,1/24,0.1069661212646203,0.1907794024286735,0,0,9.295465170640488,20.77762455454772,AKT1,0,94
Reactome_2022,Signaling By TGFB Family Members R-HSA-9006936,2/119,0.1079292901589297,0.1908449250878928,0,0,3.676885916016351,8.185773852540358,PARP1;ARHGEF18,0,94
Reactome_2022,Transcriptional Regulation By RUNX2 R-HSA-8878166,2/119,0.1079292901589297,0.1908449250878928,0,0,3.676885916016351,8.185773852540358,MSX2;AKT1,0,94
Reactome_2022,Resolution Of AP Sites Via Multiple-Nucleotide Patch Replacement Pathway R-HSA-110373,1/25,0.1111684164109228,0.1940736761072042,0,0,8.907706093189963,19.56763781102837,PARP1,0,94
Reactome_2022,G Beta:Gamma Signaling Thru PI3Kgamma R-HSA-392451,1/25,0.1111684164109228,0.1940736761072042,0,0,8.907706093189963,19.56763781102837,AKT1,0,94
Reactome_2022,TRAF6 Mediated NF-kB Activation R-HSA-933542,1/25,0.1111684164109228,0.1940736761072042,0,0,8.907706093189963,19.56763781102837,MAP3K1,0,94
Reactome_2022,Caspase Activation Via Extrinsic Apoptotic Signaling Pathway R-HSA-5357769,1/26,0.1153511465610254,0.1980194682630937,0,0,8.550967741935484,18.46816083576708,CASP8,0,94
Reactome_2022,Role Of Phospholipids In Phagocytosis R-HSA-2029485,1/26,0.1153511465610254,0.1980194682630937,0,0,8.550967741935484,18.46816083576708,PIK3CA,0,94
Reactome_2022,Signaling By ALK R-HSA-201556,1/26,0.1153511465610254,0.1980194682630937,0,0,8.550967741935484,18.46816083576708,PIK3CA,0,94
Reactome_2022,Synthesis Of IP3 And IP4 In Cytosol R-HSA-1855204,1/26,0.1153511465610254,0.1980194682630937,0,0,8.550967741935484,18.46816083576708,PTEN,0,94
Reactome_2022,FLT3 Signaling In Disease R-HSA-9682385,1/27,0.1195144018245045,0.2018030063594092,0,0,8.221670802315964,17.465446543649804,PIK3CA,0,94
Reactome_2022,VEGFR2 Mediated Vascular Permeability R-HSA-5218920,1/27,0.1195144018245045,0.2018030063594092,0,0,8.221670802315964,17.465446543649804,AKT1,0,94
Reactome_2022,Integrin Signaling R-HSA-354192,1/27,0.1195144018245045,0.2018030063594092,0,0,8.221670802315964,17.465446543649804,AKT1,0,94
Reactome_2022,Interleukin Receptor SHC Signaling R-HSA-912526,1/27,0.1195144018245045,0.2018030063594092,0,0,8.221670802315964,17.465446543649804,PIK3CA,0,94
Reactome_2022,DAP12 Signaling R-HSA-2424491,1/28,0.1236582718648177,0.2071024715784751,0,0,7.916766228594185,16.54788911057846,PIK3CA,0,94
Reactome_2022,Downstream Signal Transduction R-HSA-186763,1/28,0.1236582718648177,0.2071024715784751,0,0,7.916766228594185,16.54788911057846,PIK3CA,0,94
Reactome_2022,Fc Epsilon Receptor (FCERI) Signaling R-HSA-2454202,2/130,0.1248025195189923,0.2081726236511127,0,0,3.3590353260869565,6.990228544670114,MAP3K1;PIK3CA,0,94
Reactome_2022,Regulation Of TP53 Activity Thru Acetylation R-HSA-6804758,1/29,0.1277828460126215,0.2091653448538397,0,0,7.633640552995391,15.705627428388125,AKT1,0,94
Reactome_2022,Regulation Of Necroptotic Cell Death R-HSA-5675482,1/29,0.1277828460126215,0.2091653448538397,0,0,7.633640552995391,15.705627428388125,CASP8,0,94
Reactome_2022,FCERI Mediated MAPK Activation R-HSA-2871796,1/29,0.1277828460126215,0.2091653448538397,0,0,7.633640552995391,15.705627428388125,MAP3K1,0,94
Reactome_2022,"FOXO-mediated Transcription Of Oxidative Stress, Metabolic And Neuronal Genes R-HSA-9615017",1/29,0.1277828460126215,0.2091653448538397,0,0,7.633640552995391,15.705627428388125,MAP4K2,0,94
Reactome_2022,Signaling By NTRKs R-HSA-166520,2/132,0.1279360847164262,0.2091653448538397,0,0,3.3070234113712376,6.799982487536718,PIK3CA;FRS3,0,94
Reactome_2022,Activation Of BH3-only Proteins R-HSA-114452,1/30,0.1318882131320392,0.2139289126393707,0,0,7.370040786058584,14.930232938854378,AKT1,0,94
Reactome_2022,FGFR1 Mutant Receptor Activation R-HSA-1839124,1/30,0.1318882131320392,0.2139289126393707,0,0,7.370040786058584,14.930232938854378,PIK3CA,0,94
Reactome_2022,RIPK1-mediated Regulated Necrosis R-HSA-5213460,1/31,0.1359744617032879,0.2179824055321191,0,0,7.124014336917563,14.21446168945804,CASP8,0,94
Reactome_2022,Downregulation Of SMAD2/3:SMAD4 Transcriptional Activity R-HSA-2173795,1/31,0.1359744617032879,0.2179824055321191,0,0,7.124014336917563,14.21446168945804,PARP1,0,94
Reactome_2022,"Glutamate Binding, Activation Of AMPA Receptors And Synaptic Plasticity R-HSA-399721",1/31,0.1359744617032879,0.2179824055321191,0,0,7.124014336917563,14.21446168945804,MDM2,0,94
Reactome_2022,Phase 0 - Rapid Depolarisation R-HSA-5576892,1/32,0.140041679790088,0.2202182140210545,0,0,6.893860561914672,13.552055795836344,FGF12,0,94
Reactome_2022,RAF Activation R-HSA-5673000,1/32,0.140041679790088,0.2202182140210545,0,0,6.893860561914672,13.552055795836344,MRAS,0,94
Reactome_2022,Defective TPR May Confer Susceptibility Towards Thyroid Papillary Carcinoma (TPC) R-HSA-5619107,1/32,0.140041679790088,0.2202182140210545,0,0,6.893860561914672,13.552055795836344,MAP4K2,0,94
Reactome_2022,G-protein Beta:Gamma Signaling R-HSA-397795,1/32,0.140041679790088,0.2202182140210545,0,0,6.893860561914672,13.552055795836344,AKT1,0,94
Reactome_2022,GPVI-mediated Activation Cascade R-HSA-114604,1/32,0.140041679790088,0.2202182140210545,0,0,6.893860561914672,13.552055795836344,PIK3CA,0,94
Reactome_2022,Activation Of Matrix Metalloproteinases R-HSA-1592389,1/33,0.1440899550893096,0.2231769229202841,0,0,6.678091397849462,12.93758324031252,PRSS58,0,94
Reactome_2022,Sialic Acid Metabolism R-HSA-4085001,1/33,0.1440899550893096,0.2231769229202841,0,0,6.678091397849462,12.93758324031252,EGFL7,0,94
Reactome_2022,FGFR2 Mutant Receptor Activation R-HSA-1839126,1/33,0.1440899550893096,0.2231769229202841,0,0,6.678091397849462,12.93758324031252,FGFR2,0,94
Reactome_2022,NOD1/2 Signaling Pathway R-HSA-168638,1/33,0.1440899550893096,0.2231769229202841,0,0,6.678091397849462,12.93758324031252,CASP8,0,94
Reactome_2022,Negative Regulation Of FGFR2 Signaling R-HSA-5654727,1/34,0.148119374856792,0.2285587357340761,0,0,6.475399152818508,12.366307690734349,FGFR2,0,94
Reactome_2022,Mitotic G1 Phase And G1/S Transition R-HSA-453279,2/147,0.1519900326658953,0.2330021215608842,0,0,2.9626686656671666,5.581490998053847,CDKN2A;AKT1,0,94
Reactome_2022,Regulation Of TNFR1 Signaling R-HSA-5357905,1/35,0.1521300259705773,0.2330021215608842,0,0,6.284629981024668,11.834081997339505,CASP8,0,94
Reactome_2022,Platelet Aggregation (Plug Formation) R-HSA-76009,1/36,0.1561219949284995,0.2356126809909957,0,0,6.104761904761904,11.33726052426851,AKT1,0,94
Reactome_2022,RHOH GTPase Cycle R-HSA-9013407,1/36,0.1561219949284995,0.2356126809909957,0,0,6.104761904761904,11.33726052426851,SLC4A7,0,94
Reactome_2022,Signaling By FGFR1 In Disease R-HSA-5655302,1/36,0.1561219949284995,0.2356126809909957,0,0,6.104761904761904,11.33726052426851,PIK3CA,0,94
Reactome_2022,Transcriptional Regulation By AP-2 (TFAP2) Family Of Transcription Factors R-HSA-8864260,1/36,0.1561219949284995,0.2356126809909957,0,0,6.104761904761904,11.33726052426851,ERBB2,0,94
Reactome_2022,RHOV GTPase Cycle R-HSA-9013424,1/37,0.1600953678234365,0.2398519692482031,0,0,5.934886499402628,10.872626559544203,WDR6,0,94
Reactome_2022,DNA Damage Recognition In GG-NER R-HSA-5696394,1/37,0.1600953678234365,0.2398519692482031,0,0,5.934886499402628,10.872626559544203,PARP1,0,94
Reactome_2022,Apoptotic Cleavage Of Cellular Proteins R-HSA-111465,1/38,0.1640502303239011,0.2440025086406039,0,0,5.774193548387097,10.437331877116597,CASP8,0,94
Reactome_2022,Resolution Of Abasic Sites (AP Sites) R-HSA-73933,1/38,0.1640502303239011,0.2440025086406039,0,0,5.774193548387097,10.437331877116597,PARP1,0,94
Reactome_2022,Ovarian Tumor Domain Proteases R-HSA-5689896,1/39,0.1679866677476034,0.2463007370534256,0,0,5.621958121109225,10.02884615171532,PTEN,0,94
Reactome_2022,RHOU GTPase Cycle R-HSA-9013420,1/39,0.1679866677476034,0.2463007370534256,0,0,5.621958121109225,10.02884615171532,WDR6,0,94
Reactome_2022,SUMOylation Of Ubiquitinylation Proteins R-HSA-3232142,1/39,0.1679866677476034,0.2463007370534256,0,0,5.621958121109225,10.02884615171532,MDM2,0,94
Reactome_2022,Transcriptional Regulation By VENTX R-HSA-8853884,1/39,0.1679866677476034,0.2463007370534256,0,0,5.621958121109225,10.02884615171532,CDKN2A,0,94
Reactome_2022,Dual Incision In GG-NER R-HSA-5696400,1/41,0.175804606678079,0.2568492835154913,0,0,5.340322580645161,9.283521128961365,PARP1,0,94
Reactome_2022,Neutrophil Degranulation R-HSA-6798695,4/468,0.178299579481633,0.2579468504065686,0,0,1.8622605363984677,3.211077430003716,EGFL7;CAB39;STK11IP;FRK,0,94
Reactome_2022,RHOF GTPase Cycle R-HSA-9035034,1/42,0.1796862768608864,0.2579468504065686,0,0,5.2098085496984,8.942859642156431,SLC4A7,0,94
Reactome_2022,Deactivation Of Beta-Catenin Transactivating Complex R-HSA-3769402,1/42,0.1796862768608864,0.2579468504065686,0,0,5.2098085496984,8.942859642156431,AKT1,0,94
Reactome_2022,Signaling By SCF-KIT R-HSA-1433557,1/42,0.1796862768608864,0.2579468504065686,0,0,5.2098085496984,8.942859642156431,PIK3CA,0,94
Reactome_2022,Formation Of Incision Complex In GG-NER R-HSA-5696395,1/42,0.1796862768608864,0.2579468504065686,0,0,5.2098085496984,8.942859642156431,PARP1,0,94
Reactome_2022,Cellular Senescence R-HSA-2559583,2/165,0.1818959848633338,0.2602123116794915,0,0,2.6331021605761538,4.487649377405012,CDKN2A;MDM2,0,94
Reactome_2022,DAP12 Interactions R-HSA-2172127,1/43,0.1835498593117192,0.2607673863325115,0,0,5.085509472606247,8.621306230224262,PIK3CA,0,94
Reactome_2022,SUMOylation Of Transcription Cofactors R-HSA-3899300,1/43,0.1835498593117192,0.2607673863325115,0,0,5.085509472606247,8.621306230224262,CASP8AP2,0,94
Reactome_2022,TNF Signaling R-HSA-75893,1/44,0.1873954374632241,0.2635048472179124,0,0,4.9669917479369845,8.317397831132554,CASP8,0,94
Reactome_2022,Interleukin-2 Family Signaling R-HSA-451927,1/44,0.1873954374632241,0.2635048472179124,0,0,4.9669917479369845,8.317397831132554,PIK3CA,0,94
Reactome_2022,"Interleukin-3, Interleukin-5 And GM-CSF Signaling R-HSA-512988",1/44,0.1873954374632241,0.2635048472179124,0,0,4.9669917479369845,8.317397831132554,PIK3CA,0,94
Reactome_2022,Glycosphingolipid Metabolism R-HSA-1660662,1/45,0.1912230942444782,0.267972499417432,0,0,4.85386119257087,8.029812951184406,EGFL7,0,94
Reactome_2022,Cyclin D Associated Events In G1 R-HSA-69231,1/47,0.1988249739405069,0.2776809805541995,0,0,4.642356241234221,7.498939021140666,CDKN2A,0,94
Reactome_2022,Post-translational Protein Modification R-HSA-597592,9/1383,0.2014606977954122,0.280411511796317,0,0,1.42810172103776,2.288048831183966,CASP8AP2;EGFL7;WSB1;PARP1;CDKN2A;PTEN;MDM2;PIGM;PIGX,0,94
Reactome_2022,Inositol Phosphate Metabolism R-HSA-1483249,1/48,0.2025993609380534,0.2810469249376364,0,0,4.54335392358728,7.253577402625964,PTEN,0,94
Reactome_2022,RAC1 GTPase Cycle R-HSA-9013149,2/178,0.2040027427889496,0.2820440605001585,0,0,2.437005928853755,3.873917849164881,PIK3CA;ARHGEF18,0,94
Reactome_2022,Signaling By EGFR R-HSA-177929,1/49,0.2063561548822489,0.2843435980317277,0,0,4.448476702508961,7.0203710519550615,PIK3CA,0,94
Reactome_2022,Cellular Response To Chemical Stress R-HSA-9711123,2/182,0.2108675889794597,0.2895914888651246,0,0,2.382367149758454,3.70821374873983,CDKN2A;AKT1,0,94
Reactome_2022,Transcriptional Activity Of SMAD2/SMAD3:SMAD4 Heterotrimer R-HSA-2173793,1/51,0.2138172875206024,0.2916977564850603,0,0,4.270107526881721,6.5872106005284925,PARP1,0,94
Reactome_2022,Translocation Of SLC2A4 (GLUT4) To Plasma Membrane R-HSA-1445148,1/51,0.2138172875206024,0.2916977564850603,0,0,4.270107526881721,6.5872106005284925,AKT1,0,94
Reactome_2022,Apoptotic Execution Phase R-HSA-75153,1/52,0.2175217874300493,0.2931878278493494,0,0,4.186169091292431,6.385817851499537,CASP8,0,94
Reactome_2022,RHOD GTPase Cycle R-HSA-9013405,1/52,0.2175217874300493,0.2931878278493494,0,0,4.186169091292431,6.385817851499537,SLC4A7,0,94
Reactome_2022,Signaling By PDGF R-HSA-186797,1/52,0.2175217874300493,0.2931878278493494,0,0,4.186169091292431,6.385817851499537,PIK3CA,0,94
Reactome_2022,Metabolism Of Vitamins And Cofactors R-HSA-196854,2/186,0.2177560080628663,0.2931878278493494,0,0,2.330103969754253,3.5519640573377287,AKT1;PRSS58,0,94
Reactome_2022,ESR-mediated Signaling R-HSA-8939211,2/188,0.2212080438103306,0.2949453553267486,0,0,2.304815334268349,3.4771634467842025,PIK3CA;AKT1,0,94
Reactome_2022,"Nucleotide-binding Domain, Leucine Rich Repeat Containing NLR Signaling Pathways R-HSA-168643",1/53,0.2212090164950614,0.2949453553267486,0,0,4.10545905707196,6.193689510005753,CASP8,0,94
Reactome_2022,Negative Regulation Of NOTCH4 Signaling R-HSA-9604323,1/53,0.2212090164950614,0.2949453553267486,0,0,4.10545905707196,6.193689510005753,AKT1,0,94
Reactome_2022,RHOJ GTPase Cycle R-HSA-9013409,1/54,0.2248790544166993,0.2988715174828391,0,0,4.027794684520186,6.010245250282423,SLC4A7,0,94
Reactome_2022,Axon Guidance R-HSA-422475,4/519,0.2276551819745165,0.3015882153488772,0,0,1.6734412081984895,2.476564391806068,RET;PIK3CA;RRAS;ERBB2,0,94
Reactome_2022,Amino Acids Regulate mTORC1 R-HSA-9639288,1/55,0.2285319804611705,0.301779410096161,0,0,3.953006770211071,5.834950755464615,FLCN,0,94
Reactome_2022,Cytokine Signaling In Immune System R-HSA-1280215,5/702,0.2346560327041421,0.3074182490265311,0,0,1.548288814018345,2.2444529236529567,PTPN18;CASP8;PIK3CA;AKT1;N4BP1,0,94
Reactome_2022,Regulated Necrosis R-HSA-5218859,1/57,0.2357868123601549,0.3074182490265311,0,0,3.811443932411674,5.506877939789336,CASP8,0,94
Reactome_2022,Signaling By ERBB4 R-HSA-1236394,1/57,0.2357868123601549,0.3074182490265311,0,0,3.811443932411674,5.506877939789336,PIK3CA,0,94
Reactome_2022,NRAGE Signals Death Thru JNK R-HSA-193648,1/57,0.2357868123601549,0.3074182490265311,0,0,3.811443932411674,5.506877939789336,ARHGEF18,0,94
Reactome_2022,Developmental Biology R-HSA-1266738,7/1073,0.2398044658992378,0.311670157572511,0,0,1.4220094455586465,2.0305319570795124,RET;MAP4K2;PIK3CA;RRAS;ERBB2;AKT1;PI3,0,94
Reactome_2022,RHOQ GTPase Cycle R-HSA-9013406,1/59,0.2429741392807045,0.3147966835963844,0,0,3.6796440489432714,5.20596137193734,SLC4A7,0,94
Reactome_2022,Ub-specific Processing Proteases R-HSA-5689880,2/201,0.243743671956857,0.3148037393298593,0,0,2.152829364212366,3.03901601929186,PTEN;MDM2,0,94
Reactome_2022,Transcriptional Regulation By MECP2 R-HSA-8986944,1/60,0.2465426828320222,0.3174237041462286,0,0,3.617094951704028,5.064729217695601,PTEN,0,94
Reactome_2022,Regulation Of PTEN Gene Transcription R-HSA-8943724,1/61,0.2500945826958782,0.3209936700021864,0,0,3.55663082437276,4.929191927960233,PTEN,0,94
Reactome_2022,Regulation Of Actin Dynamics For Phagocytic Cup Formation R-HSA-2029482,1/62,0.2536299157020701,0.3230785711489493,0,0,3.498149127445796,4.799037674007423,NF2,0,94
Reactome_2022,Signaling By BRAF And RAF1 Fusions R-HSA-6802952,1/62,0.2536299157020701,0.3230785711489493,0,0,3.498149127445796,4.799037674007423,ESRP1,0,94
Reactome_2022,Nervous System Development R-HSA-9675108,4/545,0.2540714976996591,0.3230785711489493,0,0,1.5908810844115835,2.179729116273728,RET;PIK3CA;RRAS;ERBB2,0,94
Reactome_2022,Cytosolic Sensors Of Pathogen-Associated DNA R-HSA-1834949,1/63,0.2571487583231091,0.3239917077343148,0,0,3.4415539368713146,4.673976244211671,ZBP1,0,94
Reactome_2022,Signaling By MET R-HSA-6806834,1/63,0.2571487583231091,0.3239917077343148,0,0,3.4415539368713146,4.673976244211671,PIK3CA,0,94
Reactome_2022,Synthesis Of Substrates In N-glycan Biosythesis R-HSA-446219,1/63,0.2571487583231091,0.3239917077343148,0,0,3.4415539368713146,4.673976244211671,EGFL7,0,94
Reactome_2022,Adaptive Immune System R-HSA-1280218,5/733,0.2619827193322269,0.3290758547709679,0,0,1.4799666625509322,1.982380911794989,WSB1;RNF34;PIK3CA;PTEN;AKT1,0,94
Reactome_2022,Glycolysis R-HSA-70171,1/69,0.2779197524110875,0.34803324618045,0,0,3.1369386464263123,4.016607976369818,MAP4K2,0,94
Reactome_2022,Base Excision Repair R-HSA-73884,1/72,0.2880887150253619,0.3585877661342873,0,0,3.0039376041193395,3.738360720374842,PARP1,0,94
Reactome_2022,Regulation Of RUNX2 Expression And Activity R-HSA-8939902,1/72,0.2880887150253619,0.3585877661342873,0,0,3.0039376041193395,3.738360720374842,MSX2,0,94
Reactome_2022,"Cell Death Signaling Via NRAGE, NRIF And NADE R-HSA-204998",1/74,0.2947891766671692,0.3647241465071283,0,0,2.921343349536014,3.5684058083253287,ARHGEF18,0,94
Reactome_2022,Formation Of Cornified Envelope R-HSA-6809371,1/74,0.2947891766671692,0.3647241465071283,0,0,2.921343349536014,3.5684058083253287,PI3,0,94
Reactome_2022,Biosynthesis Of N-glycan Precursor (Dolichol LLO) And Transfer To Protein R-HSA-446193,1/77,0.3047230494687358,0.3758859173087399,0,0,2.805602716468591,3.334043457403817,EGFL7,0,94
Reactome_2022,G Alpha (12/13) Signaling Events R-HSA-416482,1/78,0.308003475591604,0.3776709284039907,0,0,2.769026672252479,3.26092823257648,ARHGEF18,0,94
Reactome_2022,Nuclear Events Mediated By NFE2L2 R-HSA-9759194,1/78,0.308003475591604,0.3776709284039907,0,0,2.769026672252479,3.26092823257648,CDKN2A,0,94
Reactome_2022,Senescence-Associated Secretory Phenotype (SASP) R-HSA-2559582,1/81,0.3177531544245427,0.3873204130855373,0,0,2.664784946236559,3.0551238218857484,CDKN2A,0,94
Reactome_2022,Signaling By NOTCH4 R-HSA-9013694,1/81,0.3177531544245427,0.3873204130855373,0,0,2.664784946236559,3.0551238218857484,AKT1,0,94
Reactome_2022,Cyclin E Associated Events During G1/S Transition R-HSA-69202,1/82,0.320972748763277,0.3889434485013827,0,0,2.6317536174167,2.9907223219154155,AKT1,0,94
Reactome_2022,Global Genome Nucleotide Excision Repair (GG-NER) R-HSA-5696399,1/82,0.320972748763277,0.3889434485013827,0,0,2.6317536174167,2.9907223219154155,PARP1,0,94
Reactome_2022,Cyclin A:Cdk2-associated Events At S Phase Entry R-HSA-69656,1/84,0.3273669087365053,0.3955283472124346,0,0,2.568078766679622,2.867705997840743,AKT1,0,94
Reactome_2022,"Platelet Activation, Signaling And Aggregation R-HSA-76002",2/254,0.3357303077074312,0.404447037355151,0,0,1.6954796411318152,1.8505263322546843,PIK3CA;AKT1,0,94
Reactome_2022,RAC2 GTPase Cycle R-HSA-9013404,1/87,0.3368466134483841,0.4046087601770677,0,0,2.4781195298824708,2.6965102694887357,PIK3CA,0,94
Reactome_2022,Regulation Of mRNA Stability By Proteins That Bind AU-rich Elements R-HSA-450531,1/88,0.3399770465510176,0.4061903961194709,0,0,2.449511803238166,2.6427223714548616,AKT1,0,94
Reactome_2022,Antimicrobial Peptides R-HSA-6803157,1/89,0.3430928588581939,0.4061903961194709,0,0,2.4215542521994133,2.590467693599858,PI3,0,94
Reactome_2022,RAB GEFs Exchange GTP For GDP On RABs R-HSA-8876198,1/89,0.3430928588581939,0.4061903961194709,0,0,2.4215542521994133,2.590467693599858,AKT1,0,94
Reactome_2022,Sphingolipid Metabolism R-HSA-428157,1/89,0.3430928588581939,0.4061903961194709,0,0,2.4215542521994133,2.590467693599858,EGFL7,0,94
Reactome_2022,Glucose Metabolism R-HSA-70326,1/89,0.3430928588581939,0.4061903961194709,0,0,2.4215542521994133,2.590467693599858,MAP4K2,0,94
Reactome_2022,Signaling By Nuclear Receptors R-HSA-9006931,2/260,0.3460070322742456,0.4084667544326338,0,0,1.6555443208628244,1.7570228629546143,PIK3CA;AKT1,0,94
Reactome_2022,Cell Cycle Checkpoints R-HSA-69620,2/271,0.3647133576820743,0.4293197239000417,0,0,1.5869565217391304,1.60067346826493,CDKN2A;MDM2,0,94
Reactome_2022,Potential Therapeutics For SARS R-HSA-9679191,1/97,0.3675010488711142,0.4313687525210798,0,0,2.218862007168459,2.2211454519551257,ZBP1,0,94
Reactome_2022,CLEC7A (Dectin-1) Signaling R-HSA-5607764,1/99,0.3734615456812467,0.4358814640812284,0,0,2.173359666447224,2.14062938362316,CASP8,0,94
Reactome_2022,SLC Transporter Disorders R-HSA-5619102,1/99,0.3734615456812467,0.4358814640812284,0,0,2.173359666447224,2.14062938362316,MAP4K2,0,94
Reactome_2022,Deubiquitination R-HSA-5688426,2/279,0.3781941102035304,0.440158116960041,0,0,1.5404959974886203,1.4978977340268624,PTEN;MDM2,0,94
Reactome_2022,Transport Of Inorganic Cations/Anions And Amino Acids/Oligopeptides R-HSA-425393,1/104,0.3881207532938546,0.4504387334001918,0,0,2.0673347948637644,1.956605796187279,SLC4A7,0,94
Reactome_2022,Integration Of Energy Metabolism R-HSA-163685,1/105,0.3910116129734624,0.4525190577108609,0,0,2.0473531844499586,1.922501530920028,STK11,0,94
Reactome_2022,Interleukin-4 And Interleukin-13 Signaling R-HSA-6785807,1/107,0.3967528545440112,0.4578772438995311,0,0,2.008520998174072,1.856760615816072,AKT1,0,94
Reactome_2022,Extracellular Matrix Organization R-HSA-1474244,2/291,0.3981937325783197,0.4582564743638763,0,0,1.4756281029035656,1.3587828922115326,PRSS58;KLK7,0,94
Reactome_2022,Nucleotide Excision Repair R-HSA-5696398,1/108,0.3996033610453032,0.4585977291104872,0,0,1.9896492814792484,1.8250711061513003,PARP1,0,94
Reactome_2022,Signaling By NTRK1 (TRKA) R-HSA-187037,1/114,0.4164286844807403,0.4765794944612916,0,0,1.883433247692454,1.6499629711192532,PIK3CA,0,94
Reactome_2022,Antigen Processing: Ubiquitination And Proteasome Degradation R-HSA-983168,2/307,0.4243971264594643,0.4843535072058152,0,0,1.3970776906628652,1.197415230956716,WSB1;RNF34,0,94
Reactome_2022,Homology Directed Repair R-HSA-5693538,1/119,0.4300927845307035,0.4894978652669886,0,0,1.8031711317659924,1.5214334241800327,PARP1,0,94
Reactome_2022,Cell-Cell Communication R-HSA-1500931,1/120,0.4327873759405111,0.4912077104338583,0,0,1.7879280744555888,1.497405353482253,PIK3CA,0,94
Reactome_2022,Rab Regulation Of Trafficking R-HSA-9007101,1/122,0.4381388005624888,0.4945566735116312,0,0,1.758197813916289,1.450899160540218,AKT1,0,94
Reactome_2022,Metabolism Of Water-Soluble Vitamins And Cofactors R-HSA-196849,1/122,0.4381388005624888,0.4945566735116312,0,0,1.758197813916289,1.450899160540218,PRSS58,0,94
Reactome_2022,Cellular Responses To Stress R-HSA-2262752,4/722,0.4419599637257173,0.4975068444125561,0,0,1.1877437325905291,0.9698354936454282,FLCN;CDKN2A;MDM2;AKT1,0,94
Reactome_2022,Cardiac Conduction R-HSA-5576891,1/126,0.4486922415879995,0.5037090014557378,0,0,1.7015913978494623,1.363686071900741,FGF12,0,94
Reactome_2022,Metabolism Of Lipids R-HSA-556833,4/732,0.4524425304249216,0.5065389199322493,0,0,1.1708180708180709,0.9285694058273966,EGFL7;PIK3CA;PTEN;TNFAIP8L2,0,94
Reactome_2022,G1/S Transition R-HSA-69206,1/129,0.4564783963286775,0.5084514851114859,0,0,1.6614583333333333,1.3029387269935695,AKT1,0,94
Reactome_2022,Cellular Responses To Stimuli R-HSA-8953897,4/736,0.4566190521632275,0.5084514851114859,0,0,1.1641772920461444,0.9126053542812372,FLCN;CDKN2A;MDM2;AKT1,0,94
Reactome_2022,Cell Surface Interactions At Vascular Wall R-HSA-202733,1/134,0.4692142620535218,0.5210681292885472,0,0,1.5985932573368906,1.2096487495928274,PIK3CA,0,94
Reactome_2022,Influenza Viral RNA Transcription And Replication R-HSA-168273,1/137,0.4767135867876924,0.5279731122487346,0,0,1.5630929791271346,1.1580008889040443,PARP1,0,94
Reactome_2022,C-type Lectin Receptors (CLRs) R-HSA-5621481,1/141,0.4865498458007512,0.5374223497852803,0,0,1.5181259600614438,1.0936821172345188,CASP8,0,94
Reactome_2022,Diseases Of Glycosylation R-HSA-3781865,1/143,0.4913991522383506,0.5413274083481295,0,0,1.4965924579736485,1.0633267624911829,EGFL7,0,94
Reactome_2022,RHOA GTPase Cycle R-HSA-8980692,1/147,0.5009622330123941,0.550390506669617,0,0,1.4552953306819856,1.0059358803655225,ARHGEF18,0,94
Reactome_2022,DNA Double-Strand Break Repair R-HSA-5693532,1/149,0.5056768415082205,0.554092709312199,0,0,1.435483870967742,0.9787953959854574,PARP1,0,94
Reactome_2022,Cellular Response To Starvation R-HSA-9711097,1/153,0.5149742516646719,0.5627835323231959,0,0,1.3974250141482738,0.927384867440544,FLCN,0,94
Reactome_2022,SARS-CoV Infections R-HSA-9679506,2/369,0.5199452440428152,0.5667128056762959,0,0,1.1573865655727995,0.756967587376055,ZBP1;AKT1,0,94
Reactome_2022,Influenza Infection R-HSA-168255,1/157,0.5240986177492792,0.5697325343343088,0,0,1.361317893575958,0.879514016990994,PARP1,0,94
Reactome_2022,Class I MHC Mediated Antigen Processing And Presentation R-HSA-983169,2/378,0.5329335113622333,0.5764249032810865,0,0,1.129162812210916,0.7106483342964652,WSB1;RNF34,0,94
Reactome_2022,S Phase R-HSA-69242,1/161,0.533053126577898,0.5764249032810865,0,0,1.327016129032258,0.8348712110239638,AKT1,0,94
Reactome_2022,Metabolism Of Proteins R-HSA-392499,9/1890,0.5349706935568148,0.5769840988099678,0,0,1.014635519279482,0.6346984631877063,CASP8AP2;EGFL7;WSB1;PARP1;CDKN2A;PTEN;MDM2;PIGM;PIGX,0,94
Reactome_2022,GPCR Downstream Signaling R-HSA-388396,3/619,0.5599698762186778,0.6023696840785777,0,0,1.032360496646211,0.5986372444352573,PIK3CA;AKT1;ARHGEF18,0,94
Reactome_2022,Disorders Of Transmembrane Transporters R-HSA-5619115,1/176,0.5651724853021544,0.6063829790221031,0,0,1.2123502304147469,0.6917965145630531,MAP4K2,0,94
Reactome_2022,Neurotransmitter Receptors And Postsynaptic Signal Transmission R-HSA-112314,1/182,0.5773992490326649,0.6178921833804102,0,0,1.1718053822847978,0.6435804898839274,MDM2,0,94
Reactome_2022,Cell Cycle R-HSA-1640170,3/654,0.5975856249581559,0.6378375064320213,0,0,0.9750848230110905,0.5020299293529494,CDKN2A;MDM2;AKT1,0,94
Reactome_2022,SARS-CoV-2-host Interactions R-HSA-9705683,1/196,0.6046213425594446,0.6420206008620906,0,0,1.086903777226358,0.5468787842314924,AKT1,0,94
Reactome_2022,Muscle Contraction R-HSA-397014,1/196,0.6046213425594446,0.6420206008620906,0,0,1.086903777226358,0.5468787842314924,FGF12,0,94
Reactome_2022,TCF Dependent Signaling In Response To WNT R-HSA-201681,1/198,0.6083658592709782,0.6443360771713188,0,0,1.0757600567654604,0.5346299805772539,AKT1,0,94
Reactome_2022,Signaling By NOTCH R-HSA-157118,1/203,0.6175743446795489,0.6524118718153183,0,0,1.0488661769402747,0.5055071599349412,AKT1,0,94
Reactome_2022,Keratinization R-HSA-6805567,1/208,0.6265685598591992,0.6602205796981843,0,0,1.0232715183626824,0.4783764443216879,PI3,0,94
Reactome_2022,Signaling By GPCR R-HSA-372790,3/689,0.6330908102543724,0.6642456650351746,0,0,0.9236536058693492,0.4222403089768704,PIK3CA;AKT1;ARHGEF18,0,94
Reactome_2022,G Alpha (Q) Signaling Events R-HSA-416476,1/212,0.6336129765990864,0.6642456650351746,0,0,1.0036691637364317,0.457991259582563,PIK3CA,0,94
Reactome_2022,Neddylation R-HSA-8951664,1/237,0.6747557494827865,0.7055821542814925,0,0,0.8962092217969747,0.3525727463638208,WSB1,0,94
Reactome_2022,Transmission Across Chemical Synapses R-HSA-112315,1/246,0.6884192533958317,0.7159687360470955,0,0,0.8628922536756638,0.3221670760393438,MDM2,0,94
Reactome_2022,SLC-mediated Transmembrane Transport R-HSA-425407,1/247,0.6899019131327595,0.7159687360470955,0,0,0.8593408514730309,0.3189923480963929,SLC4A7,0,94
Reactome_2022,Diseases Of Metabolism R-HSA-5668914,1/247,0.6899019131327595,0.7159687360470955,0,0,0.8593408514730309,0.3189923480963929,EGFL7,0,94
Reactome_2022,"Cell Cycle, Mitotic R-HSA-69278",2/523,0.7087685262796356,0.7337000824804268,0,0,0.808854210131019,0.2784288797873609,CDKN2A;AKT1,0,94
Reactome_2022,RHO GTPase Effectors R-HSA-195258,1/269,0.7208106168334694,0.7442956745247854,0,0,0.7879152623976889,0.2579467874272344,NF2,0,94
Reactome_2022,Asparagine N-linked Glycosylation R-HSA-446203,1/282,0.7376208098836499,0.7591399204649374,0,0,0.7509662113037157,0.2285380882647279,EGFL7,0,94
Reactome_2022,SARS-CoV-2 Infection R-HSA-9694516,1/283,0.7388716216175726,0.7591399204649374,0,0,0.7482650804545108,0.2264482785387753,AKT1,0,94
Reactome_2022,Metabolism Of Carbohydrates R-HSA-71387,1/285,0.7413555734536124,0.7597972543852942,0,0,0.7429198849008026,0.2223372835983617,MAP4K2,0,94
Reactome_2022,Signaling By WNT R-HSA-195721,1/294,0.752247160821683,0.7690467252072789,0,0,0.7197695328268927,0.2049114313864165,AKT1,0,94
Reactome_2022,Hemostasis R-HSA-109582,2/576,0.7578527609802351,0.772589588879689,0,0,0.7321617936676261,0.2030036882499342,PIK3CA;AKT1,0,94
Reactome_2022,Metabolism R-HSA-1430728,8/2049,0.7594630667385293,0.772589588879689,0,0,0.8142383464557957,0.2240324589241227,MAP4K2;STK11;EGFL7;PIK3CA;PTEN;AKT1;TNFAIP8L2;PRSS58,0,94
Reactome_2022,DNA Repair R-HSA-73894,1/310,0.7705010701384759,0.7818877854607195,0,0,0.6819431395065595,0.1777922841581142,PARP1,0,94
Reactome_2022,Infectious Disease R-HSA-5663205,3/961,0.8357839340726826,0.8460515499703813,0,0,0.6520452407717543,0.1169672342146875,ZBP1;PARP1;AKT1,0,94
Reactome_2022,Neuronal System R-HSA-112316,1/386,0.8405847008521559,0.8488257273310985,0,0,0.5452031839128614,0.0946786529039477,MDM2,0,94
Reactome_2022,Membrane Trafficking R-HSA-199991,1/599,0.943020287227242,0.9499373064489576,0,0,0.3471787679361311,0.0203681044948594,AKT1,0,94
Reactome_2022,Vesicle-mediated Transport R-HSA-5653656,1/637,0.9526311670444634,0.9572781483471192,0,0,0.3257929262189761,0.0158099075215847,AKT1,0,94
Reactome_2022,Metabolism Of RNA R-HSA-8953854,1/666,0.9588698171847388,0.961202833771563,0,0,0.3111165009297437,0.0130668811597759,AKT1,0,94
Reactome_2022,Transport Of Small Molecules R-HSA-382551,1/706,0.9661612658404892,0.9661612658404892,0,0,0.2928544192785785,0.0100813718878312,SLC4A7,0,94
