nodeA	nodeB	weight	sources
ACP1	PTEN	1.0	BioGRID
ADAP1	PIK3CA	1.0	BioGRID
AKT1	BRCA1	1.0	BioGRID
AKT1	ENO2	1.0	BioGRID
AKT1	FANCA	1.0	BioGRID
AKT1	LANCL2	1.0	BioGRID
AKT1	NGB	1.0	BioGRID
AKT1	PIK3CA	1.0	BioGRID
AKT1	PTEN	1.0	BioGRID
AKT1	RNF138	1.0	BioGRID
AKT1	STK11	1.0	BioGRID
AKT1	SYTL1	1.0	BioGRID
AKT1	TCL1A	1.0	BioGRID+IntAct
AMOTL2	KRT15	1.0	BioGRID
AMOTL2	RAD51D	0.83	IntAct
ANOS1	FGF2	0.4	IntAct
ANOS1	FGFR2	0.44	IntAct
ARL4C	DIRAS1	0.53	IntAct
ARL4C	NKIRAS1	0.53	IntAct
ARL4C	RGS12	0.64	IntAct
ARL4C	TERF2	0.53	IntAct
ARL4C	XRCC2	0.53	IntAct
ATAD3B	FGFR2	1.0	BioGRID
ATM	BLM	1.0	BioGRID
ATM	BRCA1	1.0	BioGRID
ATM	EIF4EBP1	1.0	BioGRID
ATM	ERRFI1	1.0	BioGRID
ATM	FANCD2	1.0	BioGRID
ATM	NAT2	1.0	BioGRID
ATM	NBN	1.0	BioGRID
ATM	RAD50	1.0	BioGRID
ATM	RBBP8	1.0	BioGRID
ATM	TCL1A	1.0	BioGRID
ATM	TELO2	1.0	BioGRID
ATM	TERF2	1.0	BioGRID
ATM	TP53	1.0	BioGRID
ATM	TP53BP1	1.0	BioGRID+IntAct
BARD1	BRCA1	1.0	BioGRID+IntAct
BARD1	BRCA2	1.0	BioGRID
BARD1	BRIP1	1.0	BioGRID
BARD1	CSTF1	1.0	BioGRID
BARD1	CSTF2	1.0	BioGRID
BARD1	FKBP3	1.0	BioGRID
BARD1	MAGED1	1.0	BioGRID
BARD1	MSH6	1.0	BioGRID
BARD1	MT2A	1.0	BioGRID
BARD1	NBN	1.0	BioGRID
BARD1	NPC2	1.0	BioGRID
BARD1	OLA1	1.0	BioGRID
BARD1	RAD50	1.0	BioGRID
BARD1	RAD51	1.0	BioGRID
BARD1	RBBP8	1.0	BioGRID
BARD1	TERF2	1.0	BioGRID
BARD1	TMEM248	1.0	BioGRID
BARD1	TP53	1.0	BioGRID
BCL2L15	MANF	0.59	IntAct
BLM	BRCA1	1.0	BioGRID
BLM	BRIP1	1.0	BioGRID
BLM	FANCA	1.0	BioGRID
BLM	FANCD2	1.0	BioGRID
BLM	FANCM	1.0	BioGRID
BLM	MLH1	1.0	BioGRID
BLM	MSH6	1.0	BioGRID
BLM	NBN	1.0	BioGRID
BLM	RAD50	1.0	BioGRID
BLM	RAD51	1.0	BioGRID
BLM	RAD51D	1.0	BioGRID
BLM	RMI1	1.0	BioGRID+IntAct
BLM	SPIDR	1.0	BioGRID
BLM	TERF2	1.0	BioGRID
BLM	TOP3A	1.0	BioGRID+IntAct
BLM	TP53	1.0	BioGRID
BLM	TP53BP1	1.0	BioGRID
BLM	XRCC2	1.0	BioGRID
BPIFA1	PIK3CA	1.0	BioGRID
BRCA1	BRCA2	1.0	BioGRID
BRCA1	BRIP1	1.0	BioGRID
BRCA1	CDKN2D	1.0	BioGRID
BRCA1	CNRIP1	1.0	BioGRID
BRCA1	CSTF1	1.0	BioGRID
BRCA1	CSTF2	1.0	BioGRID
BRCA1	ERCC5	1.0	BioGRID
BRCA1	FANCA	1.0	BioGRID
BRCA1	FANCD2	1.0	BioGRID
BRCA1	MLH1	1.0	BioGRID
BRCA1	MSH6	1.0	BioGRID
BRCA1	NBN	1.0	BioGRID
BRCA1	OLA1	1.0	BioGRID
BRCA1	PALB2	1.0	BioGRID
BRCA1	PMS2	1.0	BioGRID
BRCA1	PYCARD	1.0	BioGRID
BRCA1	RAD18	1.0	BioGRID
BRCA1	RAD50	1.0	BioGRID
BRCA1	RAD51	1.0	BioGRID
BRCA1	RBBP8	1.0	BioGRID
BRCA1	RNF168	1.0	BioGRID
BRCA1	TERF2	1.0	BioGRID
BRCA1	TP53	1.0	BioGRID
BRCA1	TP53BP1	1.0	BioGRID+IntAct
BRCA2	CNKSR1	0.53	IntAct
BRCA2	DMC1	1.0	BioGRID
BRCA2	ERCC5	1.0	BioGRID
BRCA2	FANCD2	1.0	BioGRID
BRCA2	FANCG	1.0	BioGRID
BRCA2	MORF4L1	1.0	BioGRID
BRCA2	MORF4L2	1.0	BioGRID+IntAct
BRCA2	MYH14	1.0	BioGRID
BRCA2	PALB2	1.0	BioGRID
BRCA2	PDS5B	1.0	BioGRID
BRCA2	RAD51	1.0	BioGRID
BRCA2	RAD51C	1.0	BioGRID
BRCA2	RNASEH2A	1.0	BioGRID
BRCA2	SAXO5	0.53	IntAct
BRCA2	SNX32	0.53	IntAct
BRCA2	SPANXA1	0.53	IntAct
BRCA2	TP53	1.0	BioGRID
BRCA2	TP53BP1	1.0	BioGRID
BRCA2	USP44	1.0	BioGRID
BRCA2	WTIP	1.0	BioGRID
BRCA2	XRCC3	1.0	BioGRID
BRIP1	CARNMT1	0.64	IntAct
BRIP1	FANCD2	1.0	BioGRID
BRIP1	GFOD1	0.53	IntAct
BRIP1	HSD17B14	1.0	BioGRID
BRIP1	LIPH	0.53	IntAct
BRIP1	MLH1	1.0	BioGRID
BRIP1	MMS19	1.0	BioGRID
BRIP1	NBN	1.0	BioGRID
BRIP1	PMS1	1.0	BioGRID
BRIP1	PMS2	1.0	BioGRID
C1ORF94	MAPK1IP1L	1.0	BioGRID
C1ORF94	RAD51D	0.72	IntAct
C5ORF24	CAB39	0.53	IntAct
C5ORF24	STK11	0.53	IntAct
C5ORF24	STRADA	0.53	IntAct
CAB39	STK11	1.0	BioGRID+IntAct
CAB39	STRADA	1.0	BioGRID
CAB39	STRADB	1.0	BioGRID+IntAct
CAB39L	STK11	1.0	BioGRID+IntAct
CACNB4	EFHC2	0.72	IntAct
CASP10	CASP8	1.0	BioGRID
CASP10	TNFRSF10B	1.0	BioGRID
CASP6	CASP8	1.0	BioGRID
CASP8	DEDD2	1.0	BioGRID
CASP8	HIP1	1.0	BioGRID
CASP8	PIK3C3	1.0	BioGRID
CASP8	PTEN	1.0	BioGRID
CASP8	PYCARD	1.0	BioGRID
CASP8	TNFRSF10B	1.0	BioGRID+IntAct
CASP8	TNFSF10	1.0	BioGRID+IntAct
CBY2	MLH1	0.79	IntAct
CCDC33	MLH1	1.0	BioGRID+IntAct
CCDC33	RAD51D	0.56	IntAct
CDCA7L	MLH1	1.0	BioGRID
CDH1	CDH3	1.0	BioGRID
CDH1	CTNNA2	1.0	BioGRID
CDH1	NUDT5	1.0	BioGRID
CDH1	PIP5K1C	1.0	BioGRID
CDH1	PKP4	1.0	BioGRID
CDH1	TNS3	0.5	IntAct
CDKL5	MLH1	1.0	BioGRID
CELA2B	NBN	0.53	IntAct
CEP57L1	RAD51D	0.56	IntAct
COX5B	FANCM	1.0	BioGRID
CSF1R	PIK3CA	1.0	BioGRID
CSTF1	CSTF2	1.0	BioGRID
DIRAS1	IL20RA	0.53	IntAct
DKKL1	RAD51C	0.53	IntAct
DLC1	PTEN	1.0	BioGRID
DLC1	TNS3	0.4	IntAct
DMC1	RAD51	1.0	BioGRID+IntAct
DMC1	RAD51AP1	1.0	BioGRID+IntAct
EFHC2	RAD51D	0.56	IntAct
EFNB3	RAD51C	0.53	IntAct
EME1	FANCM	0.4	IntAct
ENPP1	FANCE	0.53	IntAct
ERBB2	ERRFI1	1.0	BioGRID
ERBB2	FER	1.0	BioGRID
ERBB2	MACROH2A1	0.56	IntAct
ERBB2	MATK	1.0	BioGRID
ERBB2	PDGFRA	1.0	BioGRID
ERBB2	PIK3R3	1.0	BioGRID
ERBB2	SLC39A7	1.0	BioGRID
ERBB2	TEK	1.0	BioGRID
ERBB2	TNS3	1.0	BioGRID
ERCC5	NTHL1	1.0	BioGRID
ERCC5	RAD51	1.0	BioGRID
ETV4	STK11	1.0	BioGRID
FAAP24	FANCM	0.81	IntAct
FAM111A	TP53	0.4	IntAct
FAM171B	FGFR2	0.53	IntAct
FAM174A	RAD51C	0.53	IntAct
FAM174A	SLC39A7	1.0	BioGRID
FAM174A	TMEM168	0.53	IntAct
FANCA	FANCB	1.0	BioGRID+IntAct
FANCA	FANCD2	1.0	BioGRID
FANCA	FANCE	1.0	BioGRID
FANCA	FANCG	1.0	BioGRID+IntAct
FANCA	FANCL	1.0	BioGRID+IntAct
FANCA	FANCM	1.0	BioGRID+IntAct
FANCA	RMI1	1.0	BioGRID
FANCA	TOP3A	1.0	BioGRID
FANCB	FANCG	1.0	BioGRID
FANCB	FANCL	1.0	BioGRID
FANCB	FANCM	1.0	BioGRID+IntAct
FANCD2	FANCE	1.0	BioGRID
FANCD2	FANCG	1.0	BioGRID
FANCD2	FANCL	1.0	BioGRID
FANCD2	FANCM	1.0	BioGRID
FANCD2	MLH1	1.0	BioGRID
FANCD2	NBN	1.0	BioGRID
FANCD2	RAD18	1.0	BioGRID
FANCD2	RAD50	1.0	BioGRID
FANCD2	RAD51	1.0	BioGRID
FANCD2	RBBP8	1.0	BioGRID
FANCD2	TOP3A	1.0	BioGRID
FANCE	FANCG	1.0	BioGRID
FANCE	FANCM	1.0	BioGRID
FANCG	FANCL	1.0	BioGRID
FANCG	FANCM	1.0	BioGRID
FANCG	XRCC3	1.0	BioGRID
FANCL	FANCM	1.0	BioGRID
FANCM	RMI1	1.0	BioGRID
FANCM	TELO2	1.0	BioGRID
FANCM	TOP3A	1.0	BioGRID
FGF1	FGFR2	1.0	BioGRID
FGF1	SDC4	0.53	IntAct
FGF2	FGFR2	1.0	BioGRID
FGF2	PTX3	1.0	BioGRID
FGF2	SDC4	1.0	BioGRID
FGF7	FGFR2	1.0	BioGRID+IntAct
FGFR2	IFFO2	0.53	IntAct
FGFR2	IP6K1	0.53	IntAct
FGFR2	SNX22	0.53	IntAct
FGFR2	TIMP1	0.53	IntAct
FGFR2	UBXN4	0.53	IntAct
FIGNL1	RAD51	1.0	BioGRID
FIGNL1	SPIDR	1.0	BioGRID
FIGNL1	TNXB	0.4	IntAct
FLRT1	PIK3CA	0.53	IntAct
FLRT1	PIK3R3	0.53	IntAct
FRMD6	MLH1	1.0	BioGRID
GDF11	LIPH	0.53	IntAct
GFOD1	GFOD2	0.64	IntAct
HIPK3	TP53	1.0	BioGRID+IntAct
HK3	NPC2	0.53	IntAct
HSP90AB3P	STK11	0.53	IntAct
IHO1	RAD51D	0.72	IntAct
IKZF3	RAD51D	0.85	IntAct
IL20RA	PIK3CA	0.53	IntAct
IP6K1	UBXN4	1.0	BioGRID
IVD	STK11	1.0	BioGRID+IntAct
KDM4A	STK11	0.64	IntAct
KDM4D	TP53	1.0	BioGRID
KIFC3	RAD51D	0.56	IntAct
KLHL10	RAD51C	0.53	IntAct
KRT15	RAD51D	0.78	IntAct
KRTAP12-3	LNX1	0.56	IntAct
LNX1	RAD51D	0.72	IntAct
LNX1	TP53	1.0	BioGRID
LYZ	TP53	1.0	BioGRID
MAGEA8	MLH1	1.0	BioGRID+IntAct
MANF	RAD51AP1	1.0	BioGRID
MCM8	MLH1	1.0	BioGRID
MLH1	MSH6	1.0	BioGRID
MLH1	MYOG	1.0	BioGRID+IntAct
MLH1	NBN	1.0	BioGRID
MLH1	ORC4	0.44	IntAct
MLH1	PMS1	1.0	BioGRID
MLH1	PMS2	1.0	BioGRID+IntAct
MLH1	RAD50	1.0	BioGRID
MLH1	TASOR2	0.72	IntAct
MLH1	TMSB4X	1.0	BioGRID+IntAct
MMS19	STK11	1.0	BioGRID
MND1	PSMC3IP	1.0	BioGRID+IntAct
MND1	RAD51	1.0	BioGRID
MORF4L1	MORF4L2	1.0	BioGRID
MORF4L1	PALB2	1.0	BioGRID+IntAct
MORF4L1	RAD51	1.0	BioGRID
MORF4L2	PALB2	1.0	BioGRID+IntAct
MSH6	NBN	1.0	BioGRID
MSH6	PMS2	1.0	BioGRID
MSH6	RAD50	1.0	BioGRID
MSH6	TP53	1.0	BioGRID
NABP2	NBN	1.0	BioGRID
NABP2	RAD50	1.0	BioGRID
NABP2	TP53	1.0	BioGRID
NAT2	RAD51	1.0	BioGRID
NAT2	STARD7	0.53	IntAct
NBN	RAD18	1.0	BioGRID
NBN	RAD50	1.0	BioGRID
NBN	RBBP8	1.0	BioGRID
NBN	TERF2	1.0	BioGRID
NBN	TP53	1.0	BioGRID
NBN	TP53BP1	1.0	BioGRID
NDUFAF5	NDUFAF8	0.75	IntAct
NDUFAF5	XRCC2	0.53	IntAct
NLRC3	PYCARD	0.56	IntAct
PALB2	PDS5B	1.0	BioGRID
PALB2	RAD51	1.0	BioGRID
PALB2	RAD51C	1.0	BioGRID
PALB2	RNF168	1.0	BioGRID
PALB2	USP22	1.0	BioGRID
PDGFRA	PIK3CA	1.0	BioGRID
PDS5B	RAD51	1.0	BioGRID
PIK3CA	PIK3R3	1.0	BioGRID+IntAct
PIK3CA	RASD2	1.0	BioGRID
PIK3CA	ZDHHC1	0.53	IntAct
PTEN	STK11	1.0	BioGRID
PTEN	TP53	1.0	BioGRID
PTEN	TP53BP1	1.0	BioGRID
PTPN9	RAD51C	0.53	IntAct
RAD18	RAD51	1.0	BioGRID
RAD18	TP53	1.0	BioGRID
RAD18	TP53BP1	1.0	BioGRID
RAD50	RBBP8	1.0	BioGRID
RAD50	TERF2	1.0	BioGRID
RAD50	TP53	1.0	BioGRID
RAD50	TP53BP1	1.0	BioGRID
RAD51	RAD51AP1	1.0	BioGRID+IntAct
RAD51	RAD51C	1.0	BioGRID
RAD51	RAD52	1.0	BioGRID+IntAct
RAD51	RFWD3	1.0	BioGRID
RAD51	RNASEH2A	1.0	BioGRID
RAD51	SNX32	0.53	IntAct
RAD51	SPIDR	1.0	BioGRID
RAD51	SWSAP1	1.0	BioGRID
RAD51	TP53	1.0	BioGRID
RAD51	TP53BP1	1.0	BioGRID
RAD51	XRCC2	1.0	BioGRID
RAD51	XRCC3	1.0	BioGRID
RAD51C	RAD51D	1.0	BioGRID
RAD51C	SPACA1	0.53	IntAct
RAD51C	SWSAP1	1.0	BioGRID
RAD51C	XRCC2	1.0	BioGRID+IntAct
RAD51C	XRCC3	1.0	BioGRID
RAD51D	RNF138	1.0	BioGRID
RAD51D	SWSAP1	1.0	BioGRID
RAD51D	XRCC2	1.0	BioGRID+IntAct
RFWD3	TP53	1.0	BioGRID
RGS17	SLC39A7	0.56	IntAct
RMI1	TOP3A	1.0	BioGRID+IntAct
RNF168	TP53BP1	1.0	BioGRID+IntAct
SPACA1	TATDN2	0.53	IntAct
STK11	STRADA	1.0	BioGRID+IntAct
STK11	STRADB	1.0	BioGRID+IntAct
STK11	TP53	1.0	BioGRID
SWSAP1	XRCC3	1.0	BioGRID
SWSAP1	ZSWIM7	1.0	BioGRID+IntAct
TASOR2	ZNF200	0.4	IntAct
TASOR2	ZNF597	0.64	IntAct
TNFRSF10B	TNFSF10	1.0	BioGRID+IntAct
TNFRSF10D	TNFSF10	0.62	IntAct
TP53	TP53BP1	1.0	BioGRID
TP53	ZNF398	1.0	BioGRID
ZNF398	ZNF783	1.0	BioGRID+IntAct
