nodeA	nodeB	weight	source	evidence	version
PTPN18	ERBB2	0.799	STRING	combined_score	v12.0
STRADB	STK11	0.994	STRING	combined_score	v12.0
STRADB	CAB39	0.999	STRING	combined_score	v12.0
STRADB	CAB39L	0.994	STRING	combined_score	v12.0
STRADB	STRADA	0.911	STRING	combined_score	v12.0
PPP1R13B	TP53	0.986	STRING	combined_score	v12.0
DMC1	MSH5	0.759	STRING	combined_score	v12.0
DMC1	BRCA1	0.832	STRING	combined_score	v12.0
DMC1	MSH4	0.863	STRING	combined_score	v12.0
DMC1	CDK4	0.83	STRING	combined_score	v12.0
DMC1	ATM	0.866	STRING	combined_score	v12.0
DMC1	BRCA2	0.979	STRING	combined_score	v12.0
DMC1	MLH1	0.753	STRING	combined_score	v12.0
DMC1	SPO11	0.925	STRING	combined_score	v12.0
DMC1	RAD51	0.991	STRING	combined_score	v12.0
DMC1	FANCM	0.77	STRING	combined_score	v12.0
DMC1	PSMC3IP	0.786	STRING	combined_score	v12.0
DMC1	RAD54B	0.724	STRING	combined_score	v12.0
USP11	BRCA1	0.723	STRING	combined_score	v12.0
USP11	BRCA2	0.934	STRING	combined_score	v12.0
USP11	TP53	0.864	STRING	combined_score	v12.0
USP11	RAD51	0.72	STRING	combined_score	v12.0
USP11	TCEAL2	0.758	STRING	combined_score	v12.0
NTHL1	MUTYH	0.901	STRING	combined_score	v12.0
NTHL1	NUDT1	0.706	STRING	combined_score	v12.0
NTHL1	MSH6	0.718	STRING	combined_score	v12.0
NTHL1	PMS2	0.735	STRING	combined_score	v12.0
NTHL1	MSH2	0.723	STRING	combined_score	v12.0
NTHL1	MLH1	0.779	STRING	combined_score	v12.0
NTHL1	XRCC1	0.978	STRING	combined_score	v12.0
TOX3	NEK10	0.77	STRING	combined_score	v12.0
TOX3	BRCA1	0.765	STRING	combined_score	v12.0
TOX3	LSP1	0.892	STRING	combined_score	v12.0
TOX3	BRCA2	0.797	STRING	combined_score	v12.0
TOX3	MAP3K1	0.838	STRING	combined_score	v12.0
TOX3	SLC4A7	0.775	STRING	combined_score	v12.0
TOX3	FGFR2	0.826	STRING	combined_score	v12.0
TOX3	RAD51B	0.77	STRING	combined_score	v12.0
FANCE	FANCM	0.999	STRING	combined_score	v12.0
FANCE	FANCB	0.999	STRING	combined_score	v12.0
FANCE	FANCC	0.999	STRING	combined_score	v12.0
FANCE	RAD51	0.821	STRING	combined_score	v12.0
FANCE	FANCF	0.999	STRING	combined_score	v12.0
FANCE	BRIP1	0.895	STRING	combined_score	v12.0
FANCE	XRCC3	0.789	STRING	combined_score	v12.0
FANCE	FANCG	0.999	STRING	combined_score	v12.0
FANCE	CHEK2	0.712	STRING	combined_score	v12.0
FANCE	EME1	0.736	STRING	combined_score	v12.0
FANCE	FANCD2	0.999	STRING	combined_score	v12.0
FANCE	FANCA	0.999	STRING	combined_score	v12.0
FANCE	BRCA1	0.92	STRING	combined_score	v12.0
FANCE	SLX4	0.88	STRING	combined_score	v12.0
FANCE	RAD51C	0.811	STRING	combined_score	v12.0
FANCE	BARD1	0.791	STRING	combined_score	v12.0
FANCE	BRCA2	0.899	STRING	combined_score	v12.0
FANCE	FANCL	0.999	STRING	combined_score	v12.0
FANCE	PALB2	0.884	STRING	combined_score	v12.0
TTC1	NF1	0.737	STRING	combined_score	v12.0
MLH1	FANCM	0.705	STRING	combined_score	v12.0
MLH1	MLH3	0.999	STRING	combined_score	v12.0
MLH1	PTEN	0.83	STRING	combined_score	v12.0
MLH1	LIG4	0.807	STRING	combined_score	v12.0
MLH1	MUTYH	0.92	STRING	combined_score	v12.0
MLH1	RAD51	0.893	STRING	combined_score	v12.0
MLH1	NBN	0.891	STRING	combined_score	v12.0
MLH1	RAD51D-2	0.858	STRING	combined_score	v12.0
MLH1	MGMT	0.866	STRING	combined_score	v12.0
MLH1	KRAS	0.868	STRING	combined_score	v12.0
MLH1	STK11	0.73	STRING	combined_score	v12.0
MLH1	CDKN2A	0.855	STRING	combined_score	v12.0
MLH1	XRCC3	0.705	STRING	combined_score	v12.0
MLH1	CDK4	0.743	STRING	combined_score	v12.0
MLH1	MSH4	0.986	STRING	combined_score	v12.0
MLH1	CHEK2	0.834	STRING	combined_score	v12.0
MLH1	RAD51D	0.859	STRING	combined_score	v12.0
MLH1	CBY2	0.712	STRING	combined_score	v12.0
MLH1	ATM	0.997	STRING	combined_score	v12.0
MLH1	BRIP1	0.999	STRING	combined_score	v12.0
MLH1	MSH5	0.971	STRING	combined_score	v12.0
MLH1	MBD4	0.966	STRING	combined_score	v12.0
MLH1	BRCA1	0.994	STRING	combined_score	v12.0
MLH1	RAD51C	0.822	STRING	combined_score	v12.0
MLH1	FANCD2	0.971	STRING	combined_score	v12.0
MLH1	PIK3CA	0.789	STRING	combined_score	v12.0
MLH1	TP53	0.965	STRING	combined_score	v12.0
MLH1	XRCC1	0.773	STRING	combined_score	v12.0
MLH1	BARD1	0.784	STRING	combined_score	v12.0
MLH1	MSH2	0.999	STRING	combined_score	v12.0
MLH1	SPO11	0.771	STRING	combined_score	v12.0
MLH1	PMS2	0.999	STRING	combined_score	v12.0
MLH1	RASSF1	0.721	STRING	combined_score	v12.0
MLH1	REEP5	0.728	STRING	combined_score	v12.0
MLH1	BRCA2	0.954	STRING	combined_score	v12.0
MLH1	PALB2	0.892	STRING	combined_score	v12.0
MLH1	MSH6	0.999	STRING	combined_score	v12.0
MLH1	NF1	0.764	STRING	combined_score	v12.0
MSH2	PMS2	0.999	STRING	combined_score	v12.0
MSH2	BRCA2	0.968	STRING	combined_score	v12.0
MSH2	REEP5	0.734	STRING	combined_score	v12.0
MSH2	NF1	0.726	STRING	combined_score	v12.0
MSH2	PALB2	0.898	STRING	combined_score	v12.0
MSH2	MSH6	0.999	STRING	combined_score	v12.0
MSH2	TP53	0.974	STRING	combined_score	v12.0
MSH2	BARD1	0.805	STRING	combined_score	v12.0
MSH2	XRCC1	0.781	STRING	combined_score	v12.0
MSH2	FANCA	0.716	STRING	combined_score	v12.0
MSH2	BRCA1	0.994	STRING	combined_score	v12.0
MSH2	SLX4	0.972	STRING	combined_score	v12.0
MSH2	RAD51C	0.848	STRING	combined_score	v12.0
MSH2	FANCD2	0.957	STRING	combined_score	v12.0
MSH2	PARP1	0.713	STRING	combined_score	v12.0
MSH2	RAD51D	0.812	STRING	combined_score	v12.0
MSH2	CHEK2	0.934	STRING	combined_score	v12.0
MSH2	ATM	0.999	STRING	combined_score	v12.0
MSH2	BRIP1	0.793	STRING	combined_score	v12.0
MSH2	ERBB2	0.728	STRING	combined_score	v12.0
MSH2	RAD9A	0.731	STRING	combined_score	v12.0
MSH2	KRAS	0.818	STRING	combined_score	v12.0
MSH2	RAD51	0.944	STRING	combined_score	v12.0
MSH2	MUTYH	0.946	STRING	combined_score	v12.0
MSH2	LIG4	0.964	STRING	combined_score	v12.0
MSH2	RAD51D-2	0.811	STRING	combined_score	v12.0
MSH2	NBN	0.824	STRING	combined_score	v12.0
MSH2	MGMT	0.788	STRING	combined_score	v12.0
MSH2	FANCM	0.837	STRING	combined_score	v12.0
MSH2	MLH3	0.999	STRING	combined_score	v12.0
MSH2	PTEN	0.778	STRING	combined_score	v12.0
REEP6	REEP5	0.735	STRING	combined_score	v12.0
MSH6	STK11	0.71	STRING	combined_score	v12.0
MSH6	KRAS	0.801	STRING	combined_score	v12.0
MSH6	PTEN	0.742	STRING	combined_score	v12.0
MSH6	FANCM	0.927	STRING	combined_score	v12.0
MSH6	MLH3	0.999	STRING	combined_score	v12.0
MSH6	RAD51D-2	0.841	STRING	combined_score	v12.0
MSH6	NBN	0.907	STRING	combined_score	v12.0
MSH6	MGMT	0.766	STRING	combined_score	v12.0
MSH6	LIG4	0.965	STRING	combined_score	v12.0
MSH6	MUTYH	0.982	STRING	combined_score	v12.0
MSH6	RAD51	0.893	STRING	combined_score	v12.0
MSH6	TP53	0.826	STRING	combined_score	v12.0
MSH6	XRCC1	0.752	STRING	combined_score	v12.0
MSH6	BARD1	0.925	STRING	combined_score	v12.0
MSH6	REEP5	0.728	STRING	combined_score	v12.0
MSH6	BRCA2	0.967	STRING	combined_score	v12.0
MSH6	NF1	0.756	STRING	combined_score	v12.0
MSH6	PALB2	0.894	STRING	combined_score	v12.0
MSH6	PMS2	0.999	STRING	combined_score	v12.0
MSH6	ATM	0.999	STRING	combined_score	v12.0
MSH6	PARP1	0.798	STRING	combined_score	v12.0
MSH6	RAD51D	0.846	STRING	combined_score	v12.0
MSH6	CHEK2	0.89	STRING	combined_score	v12.0
MSH6	FANCD2	0.874	STRING	combined_score	v12.0
MSH6	MSH5	0.704	STRING	combined_score	v12.0
MSH6	SLX4	0.73	STRING	combined_score	v12.0
MSH6	BRCA1	0.996	STRING	combined_score	v12.0
MSH6	RAD51C	0.802	STRING	combined_score	v12.0
PMFBP1	SUN5	0.804	STRING	combined_score	v12.0
PMFBP1	TSGA10	0.731	STRING	combined_score	v12.0
TP53I3	TP53	0.903	STRING	combined_score	v12.0
MSX2	FGFR2	0.736	STRING	combined_score	v12.0
PI3	AKT1	0.991	STRING	combined_score	v12.0
RRAS	CDKN2A	0.93	STRING	combined_score	v12.0
RRAS	AKT1	0.761	STRING	combined_score	v12.0
RRAS	RRAS2	0.905	STRING	combined_score	v12.0
RRAS	MAP3K1	0.929	STRING	combined_score	v12.0
RRAS	NF1	0.96	STRING	combined_score	v12.0
RRAS	RASSF1	0.917	STRING	combined_score	v12.0
RRAS	PIK3CA	0.997	STRING	combined_score	v12.0
EVI2A	EVI2B	0.995	STRING	combined_score	v12.0
EVI2A	ADAP2	0.769	STRING	combined_score	v12.0
EVI2A	OMG	0.878	STRING	combined_score	v12.0
EVI2A	NF1	0.818	STRING	combined_score	v12.0
OMG	EVI2B	0.86	STRING	combined_score	v12.0
CIAO3	BRIP1	0.732	STRING	combined_score	v12.0
CIAO3	CIAO2B	0.994	STRING	combined_score	v12.0
CIAO3	CIAO1	0.998	STRING	combined_score	v12.0
CIAO3	CIAO2A	0.991	STRING	combined_score	v12.0
CIAO3	CIAPIN1	0.903	STRING	combined_score	v12.0
ANGPTL6	CDH1	0.839	STRING	combined_score	v12.0
C19orf57	HSF2BP	0.793	STRING	combined_score	v12.0
ILKAP	CHEK2	0.721	STRING	combined_score	v12.0
KRAS	SPRED2	0.742	STRING	combined_score	v12.0
KRAS	PTEN	0.936	STRING	combined_score	v12.0
KRAS	FGFR2	0.973	STRING	combined_score	v12.0
KRAS	ERBB2	0.966	STRING	combined_score	v12.0
KRAS	BRCA1	0.721	STRING	combined_score	v12.0
KRAS	ATM	0.718	STRING	combined_score	v12.0
KRAS	PMS2	0.776	STRING	combined_score	v12.0
KRAS	NF1	0.996	STRING	combined_score	v12.0
KRAS	MAP3K1	0.953	STRING	combined_score	v12.0
KRAS	CDH1	0.723	STRING	combined_score	v12.0
KRAS	AKT1	0.904	STRING	combined_score	v12.0
KRAS	CDKN2A	0.992	STRING	combined_score	v12.0
KRAS	RET	0.884	STRING	combined_score	v12.0
KRAS	STK11	0.88	STRING	combined_score	v12.0
KRAS	PIK3CA	0.998	STRING	combined_score	v12.0
KRAS	CDK4	0.743	STRING	combined_score	v12.0
KRAS	RASSF1	0.987	STRING	combined_score	v12.0
KRAS	BRCA2	0.721	STRING	combined_score	v12.0
KRAS	TP53	0.949	STRING	combined_score	v12.0
KRAS	SPRED1	0.868	STRING	combined_score	v12.0
RRAS2	CDKN2A	0.922	STRING	combined_score	v12.0
RRAS2	PIK3CA	0.988	STRING	combined_score	v12.0
RRAS2	RASSF1	0.91	STRING	combined_score	v12.0
RRAS2	MAP3K1	0.938	STRING	combined_score	v12.0
RRAS2	NF1	0.958	STRING	combined_score	v12.0
CDK4	RAD51	0.913	STRING	combined_score	v12.0
CDK4	PTEN	0.865	STRING	combined_score	v12.0
CDK4	MDM2	0.884	STRING	combined_score	v12.0
CDK4	CDKN2A	0.999	STRING	combined_score	v12.0
CDK4	PIK3CA	0.709	STRING	combined_score	v12.0
CDK4	RAD51C	0.704	STRING	combined_score	v12.0
CDK4	BRCA1	0.972	STRING	combined_score	v12.0
CDK4	ATM	0.937	STRING	combined_score	v12.0
CDK4	PARP1	0.756	STRING	combined_score	v12.0
CDK4	BRCA2	0.943	STRING	combined_score	v12.0
CDK4	CDH1	0.712	STRING	combined_score	v12.0
CDK4	TP53	0.966	STRING	combined_score	v12.0
MDM2	PTEN	0.902	STRING	combined_score	v12.0
MDM2	AKT1	0.999	STRING	combined_score	v12.0
MDM2	NBN	0.774	STRING	combined_score	v12.0
MDM2	FGFR2	0.867	STRING	combined_score	v12.0
MDM2	STK11	0.725	STRING	combined_score	v12.0
MDM2	CDKN2A	0.999	STRING	combined_score	v12.0
MDM2	CHEK2	0.983	STRING	combined_score	v12.0
MDM2	ATM	0.995	STRING	combined_score	v12.0
MDM2	BRCA1	0.794	STRING	combined_score	v12.0
MDM2	BARD1	0.821	STRING	combined_score	v12.0
MDM2	TP53	0.999	STRING	combined_score	v12.0
MDM2	CDH1	0.925	STRING	combined_score	v12.0
MDM2	PPM1D	0.858	STRING	combined_score	v12.0
MDM2	CASP8	0.75	STRING	combined_score	v12.0
MDM2	RASSF1	0.892	STRING	combined_score	v12.0
MDM2	BRCA2	0.702	STRING	combined_score	v12.0
CAB39	STK11	0.999	STRING	combined_score	v12.0
CAB39	STRADA	0.999	STRING	combined_score	v12.0
CAB39	CAB39L	0.977	STRING	combined_score	v12.0
TMEM127	NF1	0.883	STRING	combined_score	v12.0
TMEM127	RET	0.903	STRING	combined_score	v12.0
DRAM1	TP53	0.83	STRING	combined_score	v12.0
BRIP1	BRCA1	0.999	STRING	combined_score	v12.0
BRIP1	FANCA	0.907	STRING	combined_score	v12.0
BRIP1	SLX4	0.907	STRING	combined_score	v12.0
BRIP1	RAD51C	0.941	STRING	combined_score	v12.0
BRIP1	CIAO2B	0.852	STRING	combined_score	v12.0
BRIP1	FANCD2	0.997	STRING	combined_score	v12.0
BRIP1	EME1	0.728	STRING	combined_score	v12.0
BRIP1	FANCG	0.885	STRING	combined_score	v12.0
BRIP1	XRCC3	0.753	STRING	combined_score	v12.0
BRIP1	RAD51D	0.839	STRING	combined_score	v12.0
BRIP1	ATM	0.933	STRING	combined_score	v12.0
BRIP1	PMS2	0.993	STRING	combined_score	v12.0
BRIP1	FANCL	0.912	STRING	combined_score	v12.0
BRIP1	BRCA2	0.998	STRING	combined_score	v12.0
BRIP1	PALB2	0.998	STRING	combined_score	v12.0
BRIP1	CIAO1	0.762	STRING	combined_score	v12.0
BRIP1	XRCC2	0.804	STRING	combined_score	v12.0
BRIP1	RHNO1	0.822	STRING	combined_score	v12.0
BRIP1	BARD1	0.999	STRING	combined_score	v12.0
BRIP1	ANO1	0.785	STRING	combined_score	v12.0
BRIP1	RAD51	0.951	STRING	combined_score	v12.0
BRIP1	NBN	0.998	STRING	combined_score	v12.0
BRIP1	GEN1	0.713	STRING	combined_score	v12.0
BRIP1	FANCB	0.921	STRING	combined_score	v12.0
BRIP1	FANCM	0.969	STRING	combined_score	v12.0
BRIP1	FANCC	0.913	STRING	combined_score	v12.0
BRIP1	PIF1	0.853	STRING	combined_score	v12.0
BRIP1	FANCF	0.882	STRING	combined_score	v12.0
BRIP1	RAD51B	0.756	STRING	combined_score	v12.0
BRIP1	RAD9A	0.812	STRING	combined_score	v12.0
LRRC8A	LRRC8D	0.955	STRING	combined_score	v12.0
LRRC8A	LRRC8E	0.985	STRING	combined_score	v12.0
LRRC8A	LRRC8B	0.979	STRING	combined_score	v12.0
LRRC8A	ANO1	0.718	STRING	combined_score	v12.0
LRRC8A	LRRC8C	0.995	STRING	combined_score	v12.0
BARD1	UIMC1	0.999	STRING	combined_score	v12.0
BARD1	RAD9A	0.711	STRING	combined_score	v12.0
BARD1	RAD51B	0.856	STRING	combined_score	v12.0
BARD1	RAD54L	0.704	STRING	combined_score	v12.0
BARD1	NBN	0.998	STRING	combined_score	v12.0
BARD1	GEN1	0.7	STRING	combined_score	v12.0
BARD1	RAD51D-2	0.885	STRING	combined_score	v12.0
BARD1	RAD51	0.999	STRING	combined_score	v12.0
BARD1	OLA1	0.958	STRING	combined_score	v12.0
BARD1	FANCC	0.742	STRING	combined_score	v12.0
BARD1	FANCM	0.713	STRING	combined_score	v12.0
BARD1	HERC2	0.706	STRING	combined_score	v12.0
BARD1	PALB2	0.987	STRING	combined_score	v12.0
BARD1	XRCC2	0.888	STRING	combined_score	v12.0
BARD1	BRCA2	0.999	STRING	combined_score	v12.0
BARD1	PMS2	0.738	STRING	combined_score	v12.0
BARD1	TP53	0.982	STRING	combined_score	v12.0
BARD1	EME1	0.705	STRING	combined_score	v12.0
BARD1	FANCD2	0.783	STRING	combined_score	v12.0
BARD1	ABRAXAS1	0.999	STRING	combined_score	v12.0
BARD1	RAD51C	0.967	STRING	combined_score	v12.0
BARD1	BABAM1	0.998	STRING	combined_score	v12.0
BARD1	BRCA1	0.999	STRING	combined_score	v12.0
BARD1	SLX4	0.734	STRING	combined_score	v12.0
BARD1	ATM	0.946	STRING	combined_score	v12.0
BARD1	CHEK2	0.937	STRING	combined_score	v12.0
BARD1	RAD51D	0.94	STRING	combined_score	v12.0
BARD1	XRCC3	0.905	STRING	combined_score	v12.0
BARD1	PARP1	0.826	STRING	combined_score	v12.0
NUAK1	TP53	0.722	STRING	combined_score	v12.0
NUAK1	STK11	0.93	STRING	combined_score	v12.0
PALB2	PTEN	0.727	STRING	combined_score	v12.0
PALB2	HHAT	0.807	STRING	combined_score	v12.0
PALB2	FANCM	0.94	STRING	combined_score	v12.0
PALB2	FANCB	0.866	STRING	combined_score	v12.0
PALB2	MLH3	0.727	STRING	combined_score	v12.0
PALB2	FANCC	0.908	STRING	combined_score	v12.0
PALB2	RAD51D-2	0.901	STRING	combined_score	v12.0
PALB2	GEN1	0.745	STRING	combined_score	v12.0
PALB2	NBN	0.801	STRING	combined_score	v12.0
PALB2	LIG4	0.8	STRING	combined_score	v12.0
PALB2	MUTYH	0.732	STRING	combined_score	v12.0
PALB2	RAD51	0.999	STRING	combined_score	v12.0
PALB2	STK11	0.843	STRING	combined_score	v12.0
PALB2	FANCF	0.835	STRING	combined_score	v12.0
PALB2	RAD51B	0.89	STRING	combined_score	v12.0
PALB2	PRSS1	0.789	STRING	combined_score	v12.0
PALB2	HHATL	0.807	STRING	combined_score	v12.0
PALB2	ATM	0.945	STRING	combined_score	v12.0
PALB2	PRSS58	0.816	STRING	combined_score	v12.0
PALB2	PARP1	0.725	STRING	combined_score	v12.0
PALB2	FANCG	0.865	STRING	combined_score	v12.0
PALB2	XRCC3	0.91	STRING	combined_score	v12.0
PALB2	RAD51D	0.949	STRING	combined_score	v12.0
PALB2	EMSY	0.732	STRING	combined_score	v12.0
PALB2	CHEK2	0.921	STRING	combined_score	v12.0
PALB2	ABRAXAS1	0.701	STRING	combined_score	v12.0
PALB2	FANCD2	0.991	STRING	combined_score	v12.0
PALB2	EME1	0.763	STRING	combined_score	v12.0
PALB2	SLX4	0.868	STRING	combined_score	v12.0
PALB2	BRCA1	0.999	STRING	combined_score	v12.0
PALB2	FANCA	0.9	STRING	combined_score	v12.0
PALB2	RAD51C	0.999	STRING	combined_score	v12.0
PALB2	TP53	0.738	STRING	combined_score	v12.0
PALB2	CCDC13	0.807	STRING	combined_score	v12.0
PALB2	FANCL	0.883	STRING	combined_score	v12.0
PALB2	BRCA2	0.999	STRING	combined_score	v12.0
PALB2	XRCC2	0.856	STRING	combined_score	v12.0
PALB2	PMS2	0.947	STRING	combined_score	v12.0
HERC2	TP53	0.816	STRING	combined_score	v12.0
HERC2	BRCA1	0.849	STRING	combined_score	v12.0
CDH1	NF2	0.859	STRING	combined_score	v12.0
CDH1	ERBB2	0.97	STRING	combined_score	v12.0
CDH1	CDKN2A	0.713	STRING	combined_score	v12.0
CDH1	SOX15	0.78	STRING	combined_score	v12.0
CDH1	KLK7	0.809	STRING	combined_score	v12.0
CDH1	PTEN	0.93	STRING	combined_score	v12.0
CDH1	AJAP1	0.965	STRING	combined_score	v12.0
CDH1	AKT1	0.903	STRING	combined_score	v12.0
CDH1	TP53	0.853	STRING	combined_score	v12.0
CDH1	ESRP1	0.714	STRING	combined_score	v12.0
N4BP1	CASP8	0.79	STRING	combined_score	v12.0
WSB1	NF1	0.725	STRING	combined_score	v12.0
XRCC1	TP53	0.75	STRING	combined_score	v12.0
XRCC1	XRCC2	0.748	STRING	combined_score	v12.0
XRCC1	BRCA2	0.827	STRING	combined_score	v12.0
XRCC1	ATM	0.835	STRING	combined_score	v12.0
XRCC1	XRCC3	0.911	STRING	combined_score	v12.0
XRCC1	PARP1	0.999	STRING	combined_score	v12.0
XRCC1	BRCA1	0.817	STRING	combined_score	v12.0
XRCC1	MGMT	0.731	STRING	combined_score	v12.0
XRCC1	NBN	0.749	STRING	combined_score	v12.0
XRCC1	RAD51	0.837	STRING	combined_score	v12.0
XRCC1	MUTYH	0.728	STRING	combined_score	v12.0
XRCC1	LIG4	0.928	STRING	combined_score	v12.0
MARK4	MZT2A	0.72	STRING	combined_score	v12.0
MARK4	MZT2B	0.9	STRING	combined_score	v12.0
MARK4	BRCA1	0.903	STRING	combined_score	v12.0
MARK4	BLOC1S2	0.905	STRING	combined_score	v12.0
MSH4	CNTD1	0.721	STRING	combined_score	v12.0
MSH4	MLH3	0.995	STRING	combined_score	v12.0
MSH4	FANCM	0.84	STRING	combined_score	v12.0
MSH4	RAD51	0.967	STRING	combined_score	v12.0
MSH4	TEX11	0.825	STRING	combined_score	v12.0
MSH4	CCNB1IP1	0.746	STRING	combined_score	v12.0
MSH4	RNF212	0.824	STRING	combined_score	v12.0
MSH4	C1orf146	0.863	STRING	combined_score	v12.0
MSH4	ATM	0.76	STRING	combined_score	v12.0
MSH4	MSH5	0.999	STRING	combined_score	v12.0
MSH4	BRCA1	0.723	STRING	combined_score	v12.0
MSH4	SPO11	0.891	STRING	combined_score	v12.0
MSH4	BRCA2	0.731	STRING	combined_score	v12.0
MSH4	SLC39A1	0.824	STRING	combined_score	v12.0
MSH4	SHOC1	0.76	STRING	combined_score	v12.0
MSH4	PMS2	0.932	STRING	combined_score	v12.0
ARID3A	TP53	0.929	STRING	combined_score	v12.0
ARID3A	ARID3C	0.716	STRING	combined_score	v12.0
ACCS	FLCN	0.746	STRING	combined_score	v12.0
MAP4K3	MAP3K1	0.922	STRING	combined_score	v12.0
PIK3CA	BRCA1	0.728	STRING	combined_score	v12.0
PIK3CA	TP53	0.941	STRING	combined_score	v12.0
PIK3CA	NF1	0.793	STRING	combined_score	v12.0
PIK3CA	BRCA2	0.812	STRING	combined_score	v12.0
PIK3CA	PMS2	0.712	STRING	combined_score	v12.0
PIK3CA	PTEN	0.995	STRING	combined_score	v12.0
PIK3CA	AKT1	0.998	STRING	combined_score	v12.0
PIK3CA	STK11	0.844	STRING	combined_score	v12.0
PIK3CA	RET	0.891	STRING	combined_score	v12.0
PIK3CA	ERBB2	0.992	STRING	combined_score	v12.0
PIK3CA	FGFR2	0.908	STRING	combined_score	v12.0
PIK3CA	P3R3URF	0.749	STRING	combined_score	v12.0
PIK3CA	MRAS	0.996	STRING	combined_score	v12.0
PIK3CA	CDKN2A	0.791	STRING	combined_score	v12.0
NBN	RAD51	0.925	STRING	combined_score	v12.0
NBN	LIG4	0.821	STRING	combined_score	v12.0
NBN	TCOF1	0.749	STRING	combined_score	v12.0
NBN	RAD51B	0.729	STRING	combined_score	v12.0
NBN	RAD9A	0.727	STRING	combined_score	v12.0
NBN	INIP	0.766	STRING	combined_score	v12.0
NBN	UIMC1	0.768	STRING	combined_score	v12.0
NBN	CHEK2	0.935	STRING	combined_score	v12.0
NBN	RAD51D	0.792	STRING	combined_score	v12.0
NBN	XRCC3	0.794	STRING	combined_score	v12.0
NBN	PARP1	0.79	STRING	combined_score	v12.0
NBN	ATM	0.999	STRING	combined_score	v12.0
NBN	ATRX	0.796	STRING	combined_score	v12.0
NBN	SSBP2	0.761	STRING	combined_score	v12.0
NBN	RAD51C	0.816	STRING	combined_score	v12.0
NBN	BRCA1	0.993	STRING	combined_score	v12.0
NBN	SLX4	0.703	STRING	combined_score	v12.0
NBN	FANCD2	0.858	STRING	combined_score	v12.0
NBN	ABRAXAS1	0.773	STRING	combined_score	v12.0
NBN	TP53	0.763	STRING	combined_score	v12.0
NBN	XRCC2	0.707	STRING	combined_score	v12.0
NBN	BRCA2	0.901	STRING	combined_score	v12.0
PMS2	FANCD2	0.832	STRING	combined_score	v12.0
PMS2	RAD51C	0.807	STRING	combined_score	v12.0
PMS2	MSH5	0.949	STRING	combined_score	v12.0
PMS2	BRCA1	0.95	STRING	combined_score	v12.0
PMS2	ATM	0.886	STRING	combined_score	v12.0
PMS2	RAD51D	0.796	STRING	combined_score	v12.0
PMS2	CHEK2	0.734	STRING	combined_score	v12.0
PMS2	XRCC2	0.76	STRING	combined_score	v12.0
PMS2	NF1	0.745	STRING	combined_score	v12.0
PMS2	BRCA2	0.947	STRING	combined_score	v12.0
PMS2	TP53	0.936	STRING	combined_score	v12.0
PMS2	MGMT	0.805	STRING	combined_score	v12.0
PMS2	RAD51D-2	0.786	STRING	combined_score	v12.0
PMS2	LIG4	0.753	STRING	combined_score	v12.0
PMS2	MUTYH	0.904	STRING	combined_score	v12.0
PMS2	RAD51	0.784	STRING	combined_score	v12.0
PMS2	MLH3	0.991	STRING	combined_score	v12.0
PMS2	FANCC	0.709	STRING	combined_score	v12.0
PMS2	STK11	0.712	STRING	combined_score	v12.0
FANCM	SPO11	0.725	STRING	combined_score	v12.0
FANCM	XRCC2	0.751	STRING	combined_score	v12.0
FANCM	BRCA2	0.937	STRING	combined_score	v12.0
FANCM	FANCL	0.999	STRING	combined_score	v12.0
FANCM	ATM	0.745	STRING	combined_score	v12.0
FANCM	FIGNL1	0.715	STRING	combined_score	v12.0
FANCM	RAD51D	0.979	STRING	combined_score	v12.0
FANCM	CHEK2	0.814	STRING	combined_score	v12.0
FANCM	XRCC3	0.833	STRING	combined_score	v12.0
FANCM	FANCG	0.999	STRING	combined_score	v12.0
FANCM	EME1	0.863	STRING	combined_score	v12.0
FANCM	FANCD2	0.997	STRING	combined_score	v12.0
FANCM	RAD51C	0.96	STRING	combined_score	v12.0
FANCM	ATRX	0.749	STRING	combined_score	v12.0
FANCM	WSCD2	0.879	STRING	combined_score	v12.0
FANCM	WSCD1	0.879	STRING	combined_score	v12.0
FANCM	MSH5	0.79	STRING	combined_score	v12.0
FANCM	SLX4	0.938	STRING	combined_score	v12.0
FANCM	FANCA	0.999	STRING	combined_score	v12.0
FANCM	BRCA1	0.916	STRING	combined_score	v12.0
FANCM	RAD51B	0.958	STRING	combined_score	v12.0
FANCM	FANCF	0.999	STRING	combined_score	v12.0
FANCM	RAD54L	0.767	STRING	combined_score	v12.0
FANCM	RAD54B	0.788	STRING	combined_score	v12.0
FANCM	PIF1	0.795	STRING	combined_score	v12.0
FANCM	FANCC	0.999	STRING	combined_score	v12.0
FANCM	TOP3B	0.966	STRING	combined_score	v12.0
FANCM	FANCB	0.999	STRING	combined_score	v12.0
FANCM	GEN1	0.82	STRING	combined_score	v12.0
FANCM	RAD51D-2	0.979	STRING	combined_score	v12.0
FANCM	RAD51	0.973	STRING	combined_score	v12.0
TP53	HIPK4	0.918	STRING	combined_score	v12.0
TP53	BRCA2	0.995	STRING	combined_score	v12.0
TP53	MAP3K1	0.866	STRING	combined_score	v12.0
TP53	NF1	0.88	STRING	combined_score	v12.0
TP53	TP53INP1	0.935	STRING	combined_score	v12.0
TP53	CASP8	0.991	STRING	combined_score	v12.0
TP53	HIPK1	0.967	STRING	combined_score	v12.0
TP53	PCBP4	0.909	STRING	combined_score	v12.0
TP53	PPM1D	0.883	STRING	combined_score	v12.0
TP53	ATM	0.999	STRING	combined_score	v12.0
TP53	POU4F1	0.766	STRING	combined_score	v12.0
TP53	PLK3	0.924	STRING	combined_score	v12.0
TP53	PARP1	0.972	STRING	combined_score	v12.0
TP53	ZNF385A	0.91	STRING	combined_score	v12.0
TP53	CHEK2	0.999	STRING	combined_score	v12.0
TP53	SETD9	0.752	STRING	combined_score	v12.0
TP53	ZNF420	0.799	STRING	combined_score	v12.0
TP53	TRIAP1	0.863	STRING	combined_score	v12.0
TP53	LMO3	0.754	STRING	combined_score	v12.0
TP53	RFFL	0.742	STRING	combined_score	v12.0
TP53	BRCA1	0.999	STRING	combined_score	v12.0
TP53	ATRX	0.981	STRING	combined_score	v12.0
TP53	STK11	0.97	STRING	combined_score	v12.0
TP53	RAD9A	0.813	STRING	combined_score	v12.0
TP53	NF2	0.773	STRING	combined_score	v12.0
TP53	CCDC106	0.751	STRING	combined_score	v12.0
TP53	PRIMA1	0.798	STRING	combined_score	v12.0
TP53	ERBB2	0.935	STRING	combined_score	v12.0
TP53	RET	0.801	STRING	combined_score	v12.0
TP53	TP53RK	0.982	STRING	combined_score	v12.0
TP53	CDKN2A	0.999	STRING	combined_score	v12.0
TP53	PTEN	0.999	STRING	combined_score	v12.0
TP53	POU4F2	0.743	STRING	combined_score	v12.0
TP53	RGCC	0.794	STRING	combined_score	v12.0
TP53	ZMAT3	0.708	STRING	combined_score	v12.0
TP53	FANCC	0.871	STRING	combined_score	v12.0
TP53	USP24	0.709	STRING	combined_score	v12.0
TP53	TP53AIP1	0.945	STRING	combined_score	v12.0
TP53	HERC1	0.72	STRING	combined_score	v12.0
TP53	MGMT	0.77	STRING	combined_score	v12.0
TP53	IKBIP	0.845	STRING	combined_score	v12.0
TP53	AKT1	0.994	STRING	combined_score	v12.0
TP53	MUTYH	0.746	STRING	combined_score	v12.0
TP53	USP42	0.835	STRING	combined_score	v12.0
TP53	RAD51	0.999	STRING	combined_score	v12.0
ERBB2	PTEN	0.868	STRING	combined_score	v12.0
ERBB2	MEMO1	0.797	STRING	combined_score	v12.0
ERBB2	FGFR2	0.744	STRING	combined_score	v12.0
ERBB2	RET	0.745	STRING	combined_score	v12.0
ERBB2	NF2	0.734	STRING	combined_score	v12.0
ERBB2	CDKN2A	0.773	STRING	combined_score	v12.0
ERBB2	TACSTD2	0.732	STRING	combined_score	v12.0
ERBB2	PARP1	0.741	STRING	combined_score	v12.0
ERBB2	ATM	0.748	STRING	combined_score	v12.0
ERBB2	PGAP3	0.764	STRING	combined_score	v12.0
ERBB2	BRCA1	0.918	STRING	combined_score	v12.0
ERBB2	MIEN1	0.809	STRING	combined_score	v12.0
ERBB2	BRCA2	0.873	STRING	combined_score	v12.0
ERBB2	NF1	0.771	STRING	combined_score	v12.0
ATM	ATRX	0.897	STRING	combined_score	v12.0
ATM	RAD51C	0.921	STRING	combined_score	v12.0
ATM	BRCA1	0.999	STRING	combined_score	v12.0
ATM	FANCA	0.737	STRING	combined_score	v12.0
ATM	SLX4	0.801	STRING	combined_score	v12.0
ATM	MSH5	0.705	STRING	combined_score	v12.0
ATM	ABRAXAS1	0.785	STRING	combined_score	v12.0
ATM	ZNF420	0.88	STRING	combined_score	v12.0
ATM	FANCD2	0.989	STRING	combined_score	v12.0
ATM	EME1	0.726	STRING	combined_score	v12.0
ATM	RAD51D	0.93	STRING	combined_score	v12.0
ATM	CHEK2	0.999	STRING	combined_score	v12.0
ATM	PARP1	0.875	STRING	combined_score	v12.0
ATM	FANCG	0.806	STRING	combined_score	v12.0
ATM	XRCC3	0.918	STRING	combined_score	v12.0
ATM	ATMIN	0.98	STRING	combined_score	v12.0
ATM	NABP2	0.776	STRING	combined_score	v12.0
ATM	PPM1D	0.924	STRING	combined_score	v12.0
ATM	CASP8	0.961	STRING	combined_score	v12.0
ATM	NF1	0.732	STRING	combined_score	v12.0
ATM	XRCC2	0.818	STRING	combined_score	v12.0
ATM	RAD1	0.862	STRING	combined_score	v12.0
ATM	BRCA2	0.995	STRING	combined_score	v12.0
ATM	SPO11	0.905	STRING	combined_score	v12.0
ATM	AKT1	0.742	STRING	combined_score	v12.0
ATM	RAD51	0.995	STRING	combined_score	v12.0
ATM	LIG4	0.987	STRING	combined_score	v12.0
ATM	RAD51D-2	0.858	STRING	combined_score	v12.0
ATM	GEN1	0.742	STRING	combined_score	v12.0
ATM	FANCC	0.775	STRING	combined_score	v12.0
ATM	MLH3	0.771	STRING	combined_score	v12.0
ATM	PTEN	0.897	STRING	combined_score	v12.0
ATM	CDKN2A	0.847	STRING	combined_score	v12.0
ATM	UIMC1	0.797	STRING	combined_score	v12.0
ATM	RAD51B	0.865	STRING	combined_score	v12.0
ATM	FGFR2	0.705	STRING	combined_score	v12.0
ATM	RAD54L	0.756	STRING	combined_score	v12.0
ATM	RAD9A	0.961	STRING	combined_score	v12.0
ATM	STK11	0.89	STRING	combined_score	v12.0
OVOL2	GRHL2	0.832	STRING	combined_score	v12.0
OLA1	BRCA1	0.868	STRING	combined_score	v12.0
FLCN	STK11	0.717	STRING	combined_score	v12.0
FLCN	ACCSL	0.746	STRING	combined_score	v12.0
FANCD2	RAD51D-2	0.729	STRING	combined_score	v12.0
FANCD2	LIG4	0.838	STRING	combined_score	v12.0
FANCD2	RAD51	0.998	STRING	combined_score	v12.0
FANCD2	FANCB	0.999	STRING	combined_score	v12.0
FANCD2	FANCC	0.999	STRING	combined_score	v12.0
FANCD2	FANCF	0.999	STRING	combined_score	v12.0
FANCD2	EME1	0.862	STRING	combined_score	v12.0
FANCD2	SLX4	0.992	STRING	combined_score	v12.0
FANCD2	FANCA	0.999	STRING	combined_score	v12.0
FANCD2	BRCA1	0.999	STRING	combined_score	v12.0
FANCD2	RAD51C	0.934	STRING	combined_score	v12.0
FANCD2	ATRX	0.761	STRING	combined_score	v12.0
FANCD2	XRCC3	0.926	STRING	combined_score	v12.0
FANCD2	FANCG	0.999	STRING	combined_score	v12.0
FANCD2	CHEK2	0.865	STRING	combined_score	v12.0
FANCD2	RAD51D	0.831	STRING	combined_score	v12.0
FANCD2	BRCA2	0.999	STRING	combined_score	v12.0
FANCD2	FANCL	0.999	STRING	combined_score	v12.0
FANCD2	XRCC2	0.799	STRING	combined_score	v12.0
FANCC	BRCA2	0.919	STRING	combined_score	v12.0
FANCC	ZBTB32	0.763	STRING	combined_score	v12.0
FANCC	FANCL	0.999	STRING	combined_score	v12.0
FANCC	FANCF	0.999	STRING	combined_score	v12.0
FANCC	FANCA	0.999	STRING	combined_score	v12.0
FANCC	BRCA1	0.926	STRING	combined_score	v12.0
FANCC	SLX4	0.887	STRING	combined_score	v12.0
FANCC	RAD51	0.882	STRING	combined_score	v12.0
FANCC	RAD51C	0.804	STRING	combined_score	v12.0
FANCC	XRCC3	0.733	STRING	combined_score	v12.0
FANCC	FANCG	0.999	STRING	combined_score	v12.0
FANCC	FANCB	0.999	STRING	combined_score	v12.0
FANCC	CHEK2	0.755	STRING	combined_score	v12.0
MRAS	RASSF1	0.909	STRING	combined_score	v12.0
MRAS	MAP3K1	0.934	STRING	combined_score	v12.0
MRAS	NF1	0.955	STRING	combined_score	v12.0
MRAS	CDKN2A	0.925	STRING	combined_score	v12.0
HSF2BP	BRCA2	0.951	STRING	combined_score	v12.0
HSF2BP	SPATA22	0.791	STRING	combined_score	v12.0
SLX4	FANCB	0.901	STRING	combined_score	v12.0
SLX4	RAD51	0.853	STRING	combined_score	v12.0
SLX4	GEN1	0.908	STRING	combined_score	v12.0
SLX4	FANCF	0.884	STRING	combined_score	v12.0
SLX4	FANCG	0.9	STRING	combined_score	v12.0
SLX4	RAD51D	0.76	STRING	combined_score	v12.0
SLX4	FANCA	0.935	STRING	combined_score	v12.0
SLX4	BRCA1	0.905	STRING	combined_score	v12.0
SLX4	RAD51C	0.897	STRING	combined_score	v12.0
SLX4	EME1	0.999	STRING	combined_score	v12.0
SLX4	BRCA2	0.879	STRING	combined_score	v12.0
SLX4	FANCL	0.9	STRING	combined_score	v12.0
SLX4	XRCC2	0.775	STRING	combined_score	v12.0
MAP4K2	MAP3K1	0.798	STRING	combined_score	v12.0
HELQ	RAD51	0.723	STRING	combined_score	v12.0
HELQ	RAD51C	0.75	STRING	combined_score	v12.0
PIGX	PIGM	0.995	STRING	combined_score	v12.0
SPINK1	PRSS1	0.999	STRING	combined_score	v12.0
SPINK1	SPINK2	0.899	STRING	combined_score	v12.0
SPINK1	PRSS58	0.947	STRING	combined_score	v12.0
SPIDR	RAD51	0.884	STRING	combined_score	v12.0
SPIDR	FIGNL1	0.87	STRING	combined_score	v12.0
SPRED1	SPRED2	0.892	STRING	combined_score	v12.0
SPRED1	EGFL7	0.813	STRING	combined_score	v12.0
SPRED1	NF1	0.992	STRING	combined_score	v12.0
GNPTAB	RAD51	0.707	STRING	combined_score	v12.0
GNPTAB	NAGPA	0.975	STRING	combined_score	v12.0
ATMIN	CHEK2	0.846	STRING	combined_score	v12.0
CIAO2A	CIAO2B	0.965	STRING	combined_score	v12.0
CIAO2A	CIAO1	0.999	STRING	combined_score	v12.0
AKTIP	AKT1	0.775	STRING	combined_score	v12.0
PGAP3	MIEN1	0.838	STRING	combined_score	v12.0
PGAP3	PIGM	0.704	STRING	combined_score	v12.0
MGMT	PTEN	0.711	STRING	combined_score	v12.0
MGMT	CDKN2A	0.876	STRING	combined_score	v12.0
MGMT	ATRX	0.733	STRING	combined_score	v12.0
MGMT	RASSF1	0.868	STRING	combined_score	v12.0
TMEM208	SWI5	0.96	STRING	combined_score	v12.0
HTRA4	PRSS58	0.768	STRING	combined_score	v12.0
HTRA4	PRSS1	0.703	STRING	combined_score	v12.0
PPM1D	CHEK2	0.918	STRING	combined_score	v12.0
CBY2	CBY3	0.708	STRING	combined_score	v12.0
RAD9A	RAD51B	0.711	STRING	combined_score	v12.0
RAD9A	MUTYH	0.949	STRING	combined_score	v12.0
RAD9A	RAD51	0.951	STRING	combined_score	v12.0
RAD9A	RAD1	0.999	STRING	combined_score	v12.0
RAD9A	BRCA2	0.931	STRING	combined_score	v12.0
RAD9A	RHNO1	0.97	STRING	combined_score	v12.0
RAD9A	RAD51C	0.762	STRING	combined_score	v12.0
RAD9A	BRCA1	0.895	STRING	combined_score	v12.0
RAD9A	RAD51D	0.711	STRING	combined_score	v12.0
RAD9A	CHEK2	0.981	STRING	combined_score	v12.0
MZT2A	BRCA1	0.72	STRING	combined_score	v12.0
MZT2A	BLOC1S2	0.72	STRING	combined_score	v12.0
MZT2A	MZT2B	0.87	STRING	combined_score	v12.0
SWI5	XRCC3	0.952	STRING	combined_score	v12.0
SWI5	RAD51D	0.951	STRING	combined_score	v12.0
SWI5	RAD51C	0.948	STRING	combined_score	v12.0
SWI5	RAD51	0.883	STRING	combined_score	v12.0
SWI5	SPATA6	0.717	STRING	combined_score	v12.0
SWI5	RAD51B	0.942	STRING	combined_score	v12.0
SWI5	SFR1	0.999	STRING	combined_score	v12.0
SWI5	XRCC2	0.911	STRING	combined_score	v12.0
CRLF3	ADAP2	0.709	STRING	combined_score	v12.0
DBF4B	CHEK2	0.711	STRING	combined_score	v12.0
STK11	STK11IP	0.912	STRING	combined_score	v12.0
STK11	BRCA1	0.74	STRING	combined_score	v12.0
STK11	PRSS58	0.726	STRING	combined_score	v12.0
STK11	BRCA2	0.83	STRING	combined_score	v12.0
STK11	NF1	0.728	STRING	combined_score	v12.0
STK11	MARK2	0.707	STRING	combined_score	v12.0
STK11	AKT1	0.748	STRING	combined_score	v12.0
STK11	CAB39L	0.998	STRING	combined_score	v12.0
STK11	STRADA	0.999	STRING	combined_score	v12.0
STK11	PTEN	0.979	STRING	combined_score	v12.0
STK11	CDKN2A	0.824	STRING	combined_score	v12.0
STK11	WDR6	0.763	STRING	combined_score	v12.0
STK11	ARHGEF18	0.951	STRING	combined_score	v12.0
RFFL	RNF34	0.709	STRING	combined_score	v12.0
PIF1	RAD51	0.878	STRING	combined_score	v12.0
PIF1	BRCA1	0.738	STRING	combined_score	v12.0
FANCF	FANCG	0.999	STRING	combined_score	v12.0
FANCF	FANCB	0.999	STRING	combined_score	v12.0
FANCF	RAD51	0.783	STRING	combined_score	v12.0
FANCF	RAD51C	0.823	STRING	combined_score	v12.0
FANCF	BRCA1	0.887	STRING	combined_score	v12.0
FANCF	FANCA	0.999	STRING	combined_score	v12.0
FANCF	FANCL	0.999	STRING	combined_score	v12.0
FANCF	BRCA2	0.908	STRING	combined_score	v12.0
ZNF92	TACSTD2	0.725	STRING	combined_score	v12.0
EVI2B	NF1	0.794	STRING	combined_score	v12.0
EVI2B	ADAP2	0.755	STRING	combined_score	v12.0
GGN	FANCL	0.85	STRING	combined_score	v12.0
RAD54B	BRCA2	0.857	STRING	combined_score	v12.0
RAD54B	XRCC3	0.731	STRING	combined_score	v12.0
RAD54B	RAD51D	0.745	STRING	combined_score	v12.0
RAD54B	BRCA1	0.882	STRING	combined_score	v12.0
RAD54B	ATRX	0.98	STRING	combined_score	v12.0
RAD54B	RAD51C	0.763	STRING	combined_score	v12.0
RAD54B	RAD54L	0.952	STRING	combined_score	v12.0
RAD54B	RAD51B	0.752	STRING	combined_score	v12.0
RAD54B	RAD51D-2	0.74	STRING	combined_score	v12.0
RAD54B	RAD51	0.997	STRING	combined_score	v12.0
RAD54B	LIG4	0.742	STRING	combined_score	v12.0
STRADA	CAB39L	0.996	STRING	combined_score	v12.0
STRADA	STK11IP	0.713	STRING	combined_score	v12.0
RAD51C	RAD51B	0.999	STRING	combined_score	v12.0
RAD51C	RAD54L	0.845	STRING	combined_score	v12.0
RAD51C	FANCB	0.84	STRING	combined_score	v12.0
RAD51C	RAD51D-2	0.999	STRING	combined_score	v12.0
RAD51C	GEN1	0.789	STRING	combined_score	v12.0
RAD51C	MUTYH	0.77	STRING	combined_score	v12.0
RAD51C	RAD51	0.996	STRING	combined_score	v12.0
RAD51C	RAD1	0.716	STRING	combined_score	v12.0
RAD51C	XRCC2	0.999	STRING	combined_score	v12.0
RAD51C	SFR1	0.918	STRING	combined_score	v12.0
RAD51C	FSBP	0.739	STRING	combined_score	v12.0
RAD51C	FANCL	0.92	STRING	combined_score	v12.0
RAD51C	BRCA2	0.999	STRING	combined_score	v12.0
RAD51C	RAD51D	0.999	STRING	combined_score	v12.0
RAD51C	CHEK2	0.887	STRING	combined_score	v12.0
RAD51C	FANCG	0.915	STRING	combined_score	v12.0
RAD51C	XRCC3	0.999	STRING	combined_score	v12.0
RAD51C	ABRAXAS1	0.714	STRING	combined_score	v12.0
RAD51C	EME1	0.726	STRING	combined_score	v12.0
RAD51C	ATRX	0.78	STRING	combined_score	v12.0
RAD51C	BRCA1	0.98	STRING	combined_score	v12.0
RAD51C	FANCA	0.819	STRING	combined_score	v12.0
CCDC88A	AKT1	0.826	STRING	combined_score	v12.0
ZNF420	TP53AIP1	0.83	STRING	combined_score	v12.0
LRRC8D	LRRC8B	0.811	STRING	combined_score	v12.0
PRELID3A	TRIAP1	0.961	STRING	combined_score	v12.0
CFAP52	BRCA2	0.755	STRING	combined_score	v12.0
BRAT1	BRCA1	0.941	STRING	combined_score	v12.0
NEK10	SLC4A7	0.803	STRING	combined_score	v12.0
NEK10	LSP1	0.739	STRING	combined_score	v12.0
NF2	NF1	0.97	STRING	combined_score	v12.0
NF2	AKT1	0.842	STRING	combined_score	v12.0
RET	NF1	0.839	STRING	combined_score	v12.0
RET	BRCA2	0.705	STRING	combined_score	v12.0
MLH3	LIG4	0.755	STRING	combined_score	v12.0
MLH3	MUTYH	0.867	STRING	combined_score	v12.0
MLH3	RAD51	0.876	STRING	combined_score	v12.0
MLH3	MSH5	0.986	STRING	combined_score	v12.0
MLH3	BRCA1	0.773	STRING	combined_score	v12.0
MLH3	BRCA2	0.783	STRING	combined_score	v12.0
MLH3	SPO11	0.709	STRING	combined_score	v12.0
PRELID3B	TRIAP1	0.985	STRING	combined_score	v12.0
SUN5	SPATA6	0.748	STRING	combined_score	v12.0
SPRED2	NF1	0.884	STRING	combined_score	v12.0
RASSF1	CDKN2A	0.894	STRING	combined_score	v12.0
RASSF1	AKT1	0.72	STRING	combined_score	v12.0
NF1	AKT1	0.803	STRING	combined_score	v12.0
NF1	PTEN	0.874	STRING	combined_score	v12.0
NF1	CDKN2A	0.772	STRING	combined_score	v12.0
NF1	ADAP2	0.714	STRING	combined_score	v12.0
NF1	ATRX	0.753	STRING	combined_score	v12.0
NF1	BRCA1	0.876	STRING	combined_score	v12.0
NF1	NFIC	0.765	STRING	combined_score	v12.0
NF1	BRCA2	0.75	STRING	combined_score	v12.0
CASP8	CASP8AP2	0.966	STRING	combined_score	v12.0
CASP8	TNFAIP8L2	0.776	STRING	combined_score	v12.0
CASP8	NOL3	0.822	STRING	combined_score	v12.0
CASP8	PARP1	0.873	STRING	combined_score	v12.0
CASP8	PTEN	0.781	STRING	combined_score	v12.0
CASP8	ZBP1	0.823	STRING	combined_score	v12.0
CASP8	AKT1	0.79	STRING	combined_score	v12.0
CASP8	DEDD	0.72	STRING	combined_score	v12.0
XRCC2	RAD51B	0.999	STRING	combined_score	v12.0
XRCC2	BRCA2	0.982	STRING	combined_score	v12.0
XRCC2	SFR1	0.911	STRING	combined_score	v12.0
XRCC2	CHEK2	0.757	STRING	combined_score	v12.0
XRCC2	RAD51D	0.999	STRING	combined_score	v12.0
XRCC2	FANCG	0.835	STRING	combined_score	v12.0
XRCC2	XRCC3	0.999	STRING	combined_score	v12.0
XRCC2	RAD51	0.981	STRING	combined_score	v12.0
XRCC2	LIG4	0.71	STRING	combined_score	v12.0
XRCC2	BRCA1	0.954	STRING	combined_score	v12.0
XRCC2	EME1	0.744	STRING	combined_score	v12.0
XRCC2	RAD51D-2	0.999	STRING	combined_score	v12.0
XRCC2	GEN1	0.738	STRING	combined_score	v12.0
BABAM1	UIMC1	0.999	STRING	combined_score	v12.0
BABAM1	BRCA2	0.713	STRING	combined_score	v12.0
BABAM1	ABRAXAS1	0.999	STRING	combined_score	v12.0
BABAM1	BRCA1	0.999	STRING	combined_score	v12.0
MTCL1	MARK2	0.888	STRING	combined_score	v12.0
MAST2	PTEN	0.993	STRING	combined_score	v12.0
PARP1	AKT1	0.825	STRING	combined_score	v12.0
PARP1	RAD51	0.86	STRING	combined_score	v12.0
PARP1	PTEN	0.726	STRING	combined_score	v12.0
PARP1	BRCA1	0.974	STRING	combined_score	v12.0
PARP1	CHEK2	0.775	STRING	combined_score	v12.0
PARP1	BRCA2	0.985	STRING	combined_score	v12.0
PARP1	MVP	0.77	STRING	combined_score	v12.0
DEDD	RNF34	0.703	STRING	combined_score	v12.0
SLC39A1	SPO11	0.84	STRING	combined_score	v12.0
SLC39A1	C1orf146	0.821	STRING	combined_score	v12.0
SLC39A1	MSH5	0.751	STRING	combined_score	v12.0
TACC2	FGFR2	0.744	STRING	combined_score	v12.0
SFR1	RAD51	0.802	STRING	combined_score	v12.0
SFR1	RAD51D	0.923	STRING	combined_score	v12.0
SFR1	XRCC3	0.917	STRING	combined_score	v12.0
SFR1	RAD51B	0.916	STRING	combined_score	v12.0
BLOC1S2	BRCA1	0.909	STRING	combined_score	v12.0
BLOC1S2	MZT2B	0.9	STRING	combined_score	v12.0
C1orf146	TEX11	0.798	STRING	combined_score	v12.0
C1orf146	MSH5	0.81	STRING	combined_score	v12.0
LRRC8C	LRRC8B	0.749	STRING	combined_score	v12.0
LMO4	SSBP2	0.853	STRING	combined_score	v12.0
LMO4	BRCA1	0.71	STRING	combined_score	v12.0
SPO11	BRCA1	0.8	STRING	combined_score	v12.0
SPO11	MSH5	0.856	STRING	combined_score	v12.0
SPO11	BRCA2	0.751	STRING	combined_score	v12.0
SPO11	RAD51	0.965	STRING	combined_score	v12.0
SPO11	CNTD1	0.762	STRING	combined_score	v12.0
SPO11	TEX11	0.723	STRING	combined_score	v12.0
SPO11	RNF212	0.828	STRING	combined_score	v12.0
PTEN	CDKN2A	0.923	STRING	combined_score	v12.0
PTEN	RAD51	0.759	STRING	combined_score	v12.0
PTEN	AKT1	0.988	STRING	combined_score	v12.0
PTEN	BRCA2	0.877	STRING	combined_score	v12.0
PTEN	MAP3K1	0.712	STRING	combined_score	v12.0
PTEN	MVP	0.786	STRING	combined_score	v12.0
PTEN	BRCA1	0.821	STRING	combined_score	v12.0
PTEN	FRK	0.947	STRING	combined_score	v12.0
PTEN	ATRX	0.779	STRING	combined_score	v12.0
PTEN	CHEK2	0.81	STRING	combined_score	v12.0
RAD54L	RAD51B	0.844	STRING	combined_score	v12.0
RAD54L	RAD51	0.992	STRING	combined_score	v12.0
RAD54L	RAD51D-2	0.876	STRING	combined_score	v12.0
RAD54L	BRCA2	0.782	STRING	combined_score	v12.0
RAD54L	XRCC3	0.758	STRING	combined_score	v12.0
RAD54L	CHEK2	0.722	STRING	combined_score	v12.0
RAD54L	RAD51D	0.876	STRING	combined_score	v12.0
RAD54L	BRCA1	0.796	STRING	combined_score	v12.0
RAD54L	FANCA	0.749	STRING	combined_score	v12.0
RAD54L	EME1	0.745	STRING	combined_score	v12.0
PLK3	LSP1	0.839	STRING	combined_score	v12.0
PLK3	CHEK2	0.814	STRING	combined_score	v12.0
FRS3	FGFR2	0.821	STRING	combined_score	v12.0
ATRX	RAD51	0.999	STRING	combined_score	v12.0
ATRX	LIG4	0.775	STRING	combined_score	v12.0
ATRX	RAD51B	0.712	STRING	combined_score	v12.0
ATRX	BRCA1	0.858	STRING	combined_score	v12.0
ATRX	CHEK2	0.788	STRING	combined_score	v12.0
ATRX	XRCC3	0.884	STRING	combined_score	v12.0
ATRX	BRCA2	0.891	STRING	combined_score	v12.0
ATRX	FSBP	0.964	STRING	combined_score	v12.0
INIP	NABP2	0.999	STRING	combined_score	v12.0
INIP	SSBP2	0.89	STRING	combined_score	v12.0
SHOC1	TEX11	0.833	STRING	combined_score	v12.0
SHOC1	RNF212	0.713	STRING	combined_score	v12.0
EPB41L4B	ARHGEF18	0.958	STRING	combined_score	v12.0
MSH5	RNF212	0.765	STRING	combined_score	v12.0
MSH5	TEX11	0.749	STRING	combined_score	v12.0
MSH5	RAD51	0.915	STRING	combined_score	v12.0
MSH5	CNTD1	0.764	STRING	combined_score	v12.0
MSH5	BRCA2	0.72	STRING	combined_score	v12.0
MSH5	BRCA1	0.711	STRING	combined_score	v12.0
ZBTB48	STK11IP	0.779	STRING	combined_score	v12.0
FANCG	FANCL	0.999	STRING	combined_score	v12.0
FANCG	BRCA2	0.997	STRING	combined_score	v12.0
FANCG	FANCB	0.999	STRING	combined_score	v12.0
FANCG	XRCC3	0.984	STRING	combined_score	v12.0
FANCG	RAD51	0.862	STRING	combined_score	v12.0
FANCG	BRCA1	0.939	STRING	combined_score	v12.0
FANCG	FANCA	0.999	STRING	combined_score	v12.0
FANCG	EME1	0.734	STRING	combined_score	v12.0
MAGEB1	IGHV3OR16-9	0.9	STRING	combined_score	v12.0
REEP5	ZNF740	0.774	STRING	combined_score	v12.0
BRCA2	UIMC1	0.8	STRING	combined_score	v12.0
BRCA2	CDKN2A	0.806	STRING	combined_score	v12.0
BRCA2	CNTROB	0.771	STRING	combined_score	v12.0
BRCA2	RAD51B	0.961	STRING	combined_score	v12.0
BRCA2	GEN1	0.796	STRING	combined_score	v12.0
BRCA2	RAD51D-2	0.967	STRING	combined_score	v12.0
BRCA2	RAD51	0.999	STRING	combined_score	v12.0
BRCA2	MUTYH	0.728	STRING	combined_score	v12.0
BRCA2	LIG4	0.887	STRING	combined_score	v12.0
BRCA2	FANCB	0.91	STRING	combined_score	v12.0
BRCA2	FANCL	0.902	STRING	combined_score	v12.0
BRCA2	FSBP	0.838	STRING	combined_score	v12.0
BRCA2	EME1	0.79	STRING	combined_score	v12.0
BRCA2	ABRAXAS1	0.755	STRING	combined_score	v12.0
BRCA2	FANCA	0.968	STRING	combined_score	v12.0
BRCA2	BRCA1	0.999	STRING	combined_score	v12.0
BRCA2	LSP1	0.706	STRING	combined_score	v12.0
BRCA2	XRCC3	0.999	STRING	combined_score	v12.0
BRCA2	CHEK2	0.985	STRING	combined_score	v12.0
BRCA2	EMSY	0.997	STRING	combined_score	v12.0
BRCA2	RAD51D	0.983	STRING	combined_score	v12.0
ABRAXAS1	UIMC1	0.999	STRING	combined_score	v12.0
ABRAXAS1	RAD51D-2	0.706	STRING	combined_score	v12.0
ABRAXAS1	RAD51	0.724	STRING	combined_score	v12.0
ABRAXAS1	BRCA1	0.999	STRING	combined_score	v12.0
ABRAXAS1	CHEK2	0.79	STRING	combined_score	v12.0
ABRAXAS1	RAD51D	0.719	STRING	combined_score	v12.0
NFIB	NFIX	0.832	STRING	combined_score	v12.0
NFIB	NFIC	0.815	STRING	combined_score	v12.0
GEN1	RAD51	0.821	STRING	combined_score	v12.0
GEN1	RAD51B	0.76	STRING	combined_score	v12.0
GEN1	BRCA1	0.746	STRING	combined_score	v12.0
GEN1	EME1	0.931	STRING	combined_score	v12.0
GEN1	XRCC3	0.747	STRING	combined_score	v12.0
GEN1	RAD51D	0.776	STRING	combined_score	v12.0
LSP1	MAP3K1	0.761	STRING	combined_score	v12.0
LSP1	RAD51B	0.703	STRING	combined_score	v12.0
LSP1	SLC4A7	0.743	STRING	combined_score	v12.0
RAD1	CHEK2	0.74	STRING	combined_score	v12.0
RAD1	RAD51D	0.702	STRING	combined_score	v12.0
RAD1	BRCA1	0.778	STRING	combined_score	v12.0
RAD1	RHNO1	0.989	STRING	combined_score	v12.0
RAD1	RAD51	0.822	STRING	combined_score	v12.0
RAD1	RAD51B	0.982	STRING	combined_score	v12.0
CHEK2	BRCA1	0.999	STRING	combined_score	v12.0
CHEK2	XRCC3	0.809	STRING	combined_score	v12.0
CHEK2	RAD51D	0.89	STRING	combined_score	v12.0
CHEK2	RAD51	0.93	STRING	combined_score	v12.0
CHEK2	MUTYH	0.739	STRING	combined_score	v12.0
CHEK2	RAD51D-2	0.882	STRING	combined_score	v12.0
CHEK2	CDKN2A	0.758	STRING	combined_score	v12.0
CHEK2	UIMC1	0.721	STRING	combined_score	v12.0
CHEK2	RAD51B	0.785	STRING	combined_score	v12.0
FANCA	FANCB	0.999	STRING	combined_score	v12.0
FANCA	RAD51	0.936	STRING	combined_score	v12.0
FANCA	FANCL	0.999	STRING	combined_score	v12.0
FANCA	RAD51D	0.704	STRING	combined_score	v12.0
FANCA	XRCC3	0.799	STRING	combined_score	v12.0
FANCA	BRCA1	0.995	STRING	combined_score	v12.0
FANCA	EME1	0.768	STRING	combined_score	v12.0
EME1	XRCC3	0.753	STRING	combined_score	v12.0
EME1	BRCA1	0.88	STRING	combined_score	v12.0
EME1	RAD51	0.881	STRING	combined_score	v12.0
PSMC3IP	RAD51	0.908	STRING	combined_score	v12.0
PSMC3IP	BRCA1	0.786	STRING	combined_score	v12.0
CIAPIN1	CIAO1	0.814	STRING	combined_score	v12.0
CIAPIN1	CIAO2B	0.73	STRING	combined_score	v12.0
TEX11	RNF212	0.787	STRING	combined_score	v12.0
NUDT1	MUTYH	0.928	STRING	combined_score	v12.0
MAP3K1	BRCA1	0.77	STRING	combined_score	v12.0
MAP3K1	MAPK8IP3	0.964	STRING	combined_score	v12.0
FANCL	FANCB	0.999	STRING	combined_score	v12.0
FANCL	RAD51D	0.708	STRING	combined_score	v12.0
FANCL	RAD51D-2	0.705	STRING	combined_score	v12.0
FANCL	BRCA1	0.83	STRING	combined_score	v12.0
FANCL	RAD51	0.747	STRING	combined_score	v12.0
MZT2B	BRCA1	0.9	STRING	combined_score	v12.0
CIAO2B	CIAO1	0.999	STRING	combined_score	v12.0
RNF212	CNTD1	0.844	STRING	combined_score	v12.0
RNF212	RAD51	0.808	STRING	combined_score	v12.0
RNF212	CCNB1IP1	0.905	STRING	combined_score	v12.0
ESRP1	GRHL2	0.891	STRING	combined_score	v12.0
ESRP1	FGFR2	0.775	STRING	combined_score	v12.0
ESRP1	ESRP2	0.903	STRING	combined_score	v12.0
CCNB1IP1	RAD51B	0.709	STRING	combined_score	v12.0
FGFR2	FGF12	0.701	STRING	combined_score	v12.0
FGFR2	ESRP2	0.756	STRING	combined_score	v12.0
FGFR2	IGHV3OR16-9	0.9	STRING	combined_score	v12.0
FIGNL1	RAD51	0.783	STRING	combined_score	v12.0
CDKN2A	BRCA1	0.832	STRING	combined_score	v12.0
CDKN2A	AKT1	0.866	STRING	combined_score	v12.0
BRCA1	FSBP	0.874	STRING	combined_score	v12.0
BRCA1	RHNO1	0.802	STRING	combined_score	v12.0
BRCA1	EMSY	0.825	STRING	combined_score	v12.0
BRCA1	RAD51D	0.953	STRING	combined_score	v12.0
BRCA1	XRCC3	0.953	STRING	combined_score	v12.0
BRCA1	UIMC1	0.999	STRING	combined_score	v12.0
BRCA1	RAD51B	0.922	STRING	combined_score	v12.0
BRCA1	RAD51D-2	0.904	STRING	combined_score	v12.0
BRCA1	AKT1	0.993	STRING	combined_score	v12.0
BRCA1	RAD51	0.999	STRING	combined_score	v12.0
BRCA1	LIG4	0.878	STRING	combined_score	v12.0
BRCA1	FANCB	0.791	STRING	combined_score	v12.0
RAD51B	RAD51D-2	0.999	STRING	combined_score	v12.0
RAD51B	RAD51	0.904	STRING	combined_score	v12.0
RAD51B	RAD51D	0.999	STRING	combined_score	v12.0
RAD51B	XRCC3	0.985	STRING	combined_score	v12.0
RAD51B	FSBP	0.74	STRING	combined_score	v12.0
UIMC1	RAD51	0.783	STRING	combined_score	v12.0
XRCC3	RAD51D-2	0.983	STRING	combined_score	v12.0
XRCC3	LIG4	0.824	STRING	combined_score	v12.0
XRCC3	RAD51	0.998	STRING	combined_score	v12.0
XRCC3	FSBP	0.728	STRING	combined_score	v12.0
XRCC3	RAD51D	0.978	STRING	combined_score	v12.0
RAD51D	FSBP	0.74	STRING	combined_score	v12.0
RAD51D	RAD51	0.887	STRING	combined_score	v12.0
RAD51D	MUTYH	0.783	STRING	combined_score	v12.0
RAD51D-2	RAD51	0.959	STRING	combined_score	v12.0
RAD51D-2	MUTYH	0.767	STRING	combined_score	v12.0
RAD51D-2	FSBP	0.74	STRING	combined_score	v12.0
MPHOSPH9	RAD51	0.786	STRING	combined_score	v12.0
FSBP	LIG4	0.728	STRING	combined_score	v12.0
FSBP	RAD51	0.978	STRING	combined_score	v12.0
LIG4	RAD51	0.794	STRING	combined_score	v12.0
